"id","code","name"
"91","BTC","Bitcoin"
"92","ETH","Ethereum"
"93","USDT","Tether"
"94","USDC","USD Coin"
"95","BNB","BNB"
"96","ADA","Cardano"
"97","XRP","XRP"
"98","BUSD","Binance USD"
"99","SOL","Solana"
"100","DOGE","Dogecoin"
"101","DOT","Polkadot"
"102","WBTC","Wrapped Bitcoin"
"103","TRX","TRON"
"104","DAI","Dai"
"105","AVAX","Avalanche"
"106","SHIB","Shiba Inu"
"107","LEO","UNUS SED LEO"
"108","MATIC","Polygon"
"109","CRO","Cronos"
"110","LTC","Litecoin"
"111","LINK","Chainlink"
"112","FTT","FTX Token"
"113","UNI","Uniswap"
"114","NEAR","NEAR Protocol"
"115","XLM","Stellar"
"116","XMR","Monero"
"117","BCH","Bitcoin Cash"
"118","ETC","Ethereum Classic"
"119","ALGO","Algorand"
"120","ATOM","Cosmos"
"121","FLOW","Flow"
"122","VET","VeChain"
"123","XTZ","Tezos"
"124","MANA","Decentraland"
"125","HBAR","Hedera"
"126","APE","ApeCoin"
"127","SAND","The Sandbox"
"128","KCS","KuCoin Token"
"129","FIL","Filecoin"
"130","ICP","Internet Computer"
"131","EGLD","Elrond"
"132","HNT","Helium"
"133","THETA","Theta Network"
"134","ZEC","Zcash"
"135","AAVE","Aave"
"136","TUSD","TrueUSD"
"137","EOS","EOS"
"138","AXS","Axie Infinity"
"139","MKR","Maker"
"140","HT","Huobi Token"
"141","BSV","Bitcoin SV"
"142","KLAY","Klaytn"
"143","GRT","The Graph"
"144","BTT","BitTorrent-New"
"145","XEC","eCash"
"146","MIOTA","IOTA"
"147","RUNE","THORChain"
"148","USDP","Pax Dollar"
"149","FTM","Fantom"
"150","NEO","Neo"
"151","WAVES","Waves"
"152","USDN","Neutrino USD"
"153","QNT","Quant"
"154","CAKE","PancakeSwap"
"155","STX","Stacks"
"156","CHZ","Chiliz"
"157","USDD","USDD"
"158","LRC","Loopring"
"159","NEXO","Nexo"
"160","OKB","OKB"
"161","ZIL","Zilliqa"
"162","DASH","Dash"
"163","PAXG","PAX Gold"
"164","GMT","STEPN"
"165","BAT","Basic Attention Token"
"166","CRV","Curve DAO Token"
"167","KSM","Kusama"
"168","CELO","Celo"
"169","ENJ","Enjin Coin"
"170","GALA","Gala"
"171","KAVA","Kava"
"172","GNO","Gnosis"
"173","ONE","Harmony"
"174","AMP","Amp"
"175","DCR","Decred"
"176","CVX","Convex Finance"
"177","AR","Arweave"
"178","XDC","XDC Network"
"179","MINA","Mina"
"180","XEM","NEM"
"181","GT","GateToken"
"182","HOT","Holo"
"183","FEI","Fei USD"
"184","1INCH","1inch Network"
"185","QTUM","Qtum"
"186","COMP","Compound"
"187","OMG","OMG Network"
"188","BTG","Bitcoin Gold"
"189","ICX","ICON"
"190","KDA","Kadena"
"191","GLMR","Moonbeam"
"192","BORA","BORA"
"193","ZRX","0x"
"194","ROSE","Oasis Network"
"195","KNC","Kyber Network Crystal v2"
"196","TFUEL","Theta Fuel"
"197","IOTX","IoTeX"
"198","LDO","Lido DAO"
"199","XYM","Symbol"
"200","BNT","Bancor"
"201","ANKR","Ankr"
"202","IOST","IOST"
"203","AUDIO","Audius"
"204","JST","JUST"
"205","LPT","Livepeer"
"206","SNX","Synthetix"
"207","GLM","Golem"
"208","RVN","Ravencoin"
"209","SC","Siacoin"
"210","YFI","yearn.finance"
"211","CHSB","SwissBorg"
"212","SRM","Serum"
"213","GUSD","Gemini Dollar"
"214","SXP","SXP"
"215","ONT","Ontology"
"216","NFT","APENFT"
"217","WAXP","WAX"
"218","SKL","SKALE Network"
"219","ZEN","Horizen"
"220","ELON","Dogelon Mars"
"221","ENS","Ethereum Name Service"
"222","HIVE","Hive"
"223","POLY","Polymath"
"224","PLA","PlayDapp"
"225","VGX","Voyager Token"
"226","IMX","Immutable X"
"227","STORJ","Storj"
"228","SCRT","Secret"
"229","MXC","MXC"
"230","BTRST","Braintrust"
"231","RENBTC","renBTC"
"232","UMA","UMA"
"233","KEEP","Keep Network"
"234","SUSHI","SushiSwap"
"235","DGB","DigiByte"
"236","WOO","WOO Network"
"237","ILV","Illuvium"
"238","RNDR","Render Token"
"239","TWT","Trust Wallet Token"
"240","LSK","Lisk"
"241","CSPR","Casper"
"242","OCEAN","Ocean Protocol"
"243","RLY","Rally"
"244","SYS","Syscoin"
"245","MX","MX TOKEN"
"246","ACA","Acala Token"
"247","CEL","Celsius"
"248","NU","NuCypher"
"249","XDB","DigitalBits"
"250","XNO","Nano"
"251","FLUX","Flux"
"252","ORBS","Orbs"
"253","REN","Ren"
"254","CFX","Conflux"
"255","WIN","WINkLink"
"256","COTI","COTI"
"257","CKB","Nervos Network"
"258","XPRT","Persistence"
"259","VLX","Velas"
"260","ONG","Ontology Gas"
"261","DAO","DAO Maker"
"262","CEEK","CEEK VR"
"263","POWR","Powerledger"
"264","SNT","Status"
"265","CHR","Chromia"
"266","CTSI","Cartesi"
"267","PUNDIX","Pundi X (New)"
"268","C98","Coin98"
"269","EPS","Ellipsis"
"270","RSR","Reserve Rights"
"271","ARDR","Ardor"
"272","DENT","Dent"
"273","CELR","Celer Network"
"274","CVC","Civic"
"275","XCH","Chia"
"276","REQ","Request"
"277","MTL","Metal"
"278","TEL","Telcoin"
"279","WXT","Wirex Token"
"280","FET","Fetch.ai"
"281","XYO","XYO"
"282","TRAC","OriginTrail"
"283","UOS","Ultra"
"284","USTC","TerraClassicUSD"
"285","INJ","Injective"
"286","SPELL","Spell Token"
"287","PYR","Vulcan Forged PYR"
"288","DYDX","dYdX"
"289","PEOPLE","ConstitutionDAO"
"290","OGN","Origin Protocol"
"291","HEX","HEX"
"292","WTRX","Wrapped TRON"
"293","XCN","Chain"
"294","stETH","Lido Staked ETH"
"295","YOUC","yOUcash"
"296","BTCB","Bitcoin BEP2"
"297","TON","Toncoin"
"298","FRAX","Frax"
"299","WBNB","Wrapped BNB"
"300","BTTOLD","BitTorrent"
"301","HBTC","Huobi BTC"
"302","DFI","DeFiChain"
"303","LUSD","Liquity USD"
"304","SAFE","Safe"
"305","FRTS","Fruits"
"306","XAUT","Tether Gold"
"307","LUNC","Terra Classic"
"308","T","Threshold"
"309","TTT","The Transfer Token"
"310","NXM","NXM"
"311","WEMIX","WEMIX"
"312","CCXX","Counos X"
"313","HUSD","HUSD"
"314","BIT","BitDAO"
"315","LN","LINK"
"316","OSMO","Osmosis"
"317","BNX","BinaryX"
"318","EVER","Everscale"
"319","ASTR","Astar"
"320","TITAN","TitanSwap"
"321","BEST","Bitpanda Ecosystem Token"
"322","HUM","Humanscape"
"323","CBG","Chainbing"
"324","MCT","Metacraft"
"325","RPL","Rocket Pool"
"326","KOK","KOK"
"327","MVL","MVL"
"328","MED","MediBloc"
"329","VVS","VVS Finance"
"330","PLTC","PlatonCoin"
"331","RACA","RadioCaca"
"332","MOB","MobileCoin"
"333","WVLX","Wrapped Velas"
"334","GAL","Project Galaxy"
"335","LOOKS","LooksRare"
"336","EURS","STASIS EURO"
"337","SURE","inSure DeFi"
"338","MPL","Maple"
"339","ARRR","Pirate Chain"
"340","AVINOC","AVINOC"
"341","XSGD","XSGD"
"342","XCAD","XCAD Network"
"343","BSW","Biswap"
"344","1ECO","1eco"
"345","SOLO","Sologenic"
"346","USDX","USDX [Kava]"
"347","DESO","Decentralized Social"
"348","TRIBE","Tribe"
"349","STEEM","Steem"
"350","FX","Function X"
"351","vUSDC","Venus USDC"
"352","SUN","Sun (New)"
"353","REP","Augur"
"354","FXS","Frax Share"
"355","DIVI","Divi"
"356","DAG","Constellation"
"357","METIS","MetisDAO"
"358","RAY","Raydium"
"359","FUN","FUNToken"
"360","CTC","Creditcoin"
"361","EWT","Energy Web Token"
"362","BICO","Biconomy"
"363","STMX","StormX"
"364","MOVR","Moonriver"
"365","HXRO","Hxro"
"366","ELF","aelf"
"367","NEST","NEST Protocol"
"368","RBTC","RSK Smart Bitcoin"
"369","ASD","ASD"
"370","ABBC","ABBC Coin"
"371","WRX","WazirX"
"372","ANY","Anyswap"
"373","LOCUS","Locus Chain"
"374","DEP","DEAPcoin"
"375","MAID","MaidSafeCoin"
"376","BTCST","Bitcoin Standard Hashrate Token"
"377","TLM","Alien Worlds"
"378","OXT","Orchid"
"379","MDX","Mdex"
"380","REV","Revain"
"381","STRAX","Stratis"
"382","DAR","Mines of Dalarnia"
"383","SUSD","sUSD"
"384","DAWN","Dawn Protocol"
"385","ALICE","MyNeighborAlice"
"386","QKC","QuarkChain"
"387","VTHO","VeThor Token"
"388","META","Metadium"
"389","UTK","Utrust"
"390","STRK","Strike"
"391","REEF","Reef"
"392","AMA","Mrweb Finance"
"393","ARK","Ark"
"394","PERP","Perpetual Protocol"
"395","UQC","Uquid Coin"
"396","HEDG","HedgeTrade"
"397","FWT","Freeway Token"
"398","RKN","Rakon"
"399","LQTY","Liquity"
"400","STPT","Standard Tokenization Protocol"
"401","ERG","Ergo"
"402","SSX","SOMESING"
"403","SUPER","SuperFarm"
"404","JOE","JOE"
"405","XWC","WhiteCoin"
"406","RGT","Rari Governance Token"
"407","WMT","World Mobile Token"
"408","BFC","Bifrost (BFC)"
"409","RIF","RSK Infrastructure Framework"
"410","AURORA","Aurora"
"411","GHST","Aavegotchi"
"412","MBL","MovieBloc"
"413","CFG","Centrifuge"
"414","LYXe","LUKSO"
"415","XVG","Verge"
"416","PRO","Propy"
"417","ALPHA","Alpha Venture DAO"
"418","HYN","Hyperion"
"419","ANT","Aragon"
"420","RLC","iExec RLC"
"421","HOO","Hoo Token"
"422","LOOM","Loom Network"
"423","DERO","Dero"
"424","SSV","ssv.network"
"425","PROM","Prometeus"
"426","SNL","Sport and Leisure"
"427","NKN","NKN"
"428","TLOS","Telos"
"429","BRG","Bridge Oracle"
"430","VERI","Veritaseum"
"431","NMR","Numeraire"
"432","ORC","Orbit Chain"
"433","CTK","Shentu"
"434","ACH","Alchemy Pay"
"435","RAD","Radicle"
"436","MBOX","MOBOX"
"437","OUSD","Origin Dollar"
"438","KLV","Klever"
"439","AGIX","SingularityNET"
"440","BOBA","Boba Network"
"441","ZEON","ZEON"
"442","BETA","Beta Finance"
"443","GTN","GlitzKoin"
"444","BADGER","Badger DAO"
"445","HI","HI"
"446","MV","GensoKishi Metaverse"
"447","BAKE","BakeryToken"
"448","HERO","Metahero"
"449","ADS","Adshares"
"450","YGG","Yield Guild Games"
"451","AMPL","Ampleforth"
"452","DKA","dKargo"
"453","XVS","Venus"
"454","CORE","cVault.finance"
"455","TOMO","TomoChain"
"456","IQ","Everipedia"
"457","BEL","Bella Protocol"
"458","ETN","Electroneum"
"459","CUSD","Celo Dollar"
"460","HUNT","HUNT"
"461","ZB","ZB Token"
"462","BAND","Band Protocol"
"463","DUSK","Dusk Network"
"464","KAI","KardiaChain"
"465","EXRD","e-Radix"
"466","TT","ThunderCore"
"467","JASMY","JasmyCoin"
"468","AERGO","Aergo"
"469","vBUSD","Venus BUSD"
"470","SAFEMOON","SafeMoon"
"471","MLN","Enzyme"
"472","LCX","LCX"
"473","VAI","Vai"
"474","SPS","Splintershards"
"475","DMCH","Darma Cash"
"476","ALEPH","Aleph.im"
"477","COCOS","Cocos-BCX"
"478","BAL","Balancer"
"479","ONUS","ONUS"
"480","MNGO","Mango"
"481","CENNZ","CENNZnet"
"482","MASK","Mask Network"
"483","H2O","H2O DAO"
"484","WOZX","Efforce"
"485","XPR","Proton"
"486","API3","API3"
"487","POLS","Polkastarter"
"488","CRTS","Cratos"
"489","NSBT","Neutrino Token"
"490","MFT","Hifi Finance"
"595","KAS","Kaspa"
"596","PEPE","Pepe"
"597","APT","Aptos"
"598","MNT","Mantle"
"599","ARB","Arbitrum"
"600","SUI","Sui"
"601","OP","Optimism"
"602","FDUSD","First Digital USD"
"603","TAO","Bittensor"
"604","NOT","Notcoin"
"605","BONK","Bonk"
"606","WIF","dogwifhat"
"607","BGB","Bitget Token"
"608","FLOKI","FLOKI"
"609","ONDO","Ondo"
"610","TIA","Celestia"
"611","BRETT","Brett (Based)"
"612","PYTH","Pyth Network"
"613","JUP","Jupiter"
"614","SEI","Sei"
"615","OM","MANTRA"
"616","FLR","Flare"
"617","AKT","Akash Network"
"618","BEAM","Beam"
"619","ENA","Ethena"
"620","ORDI","ORDI"
"621","RON","Ronin"
"622","MOG","Mog Coin"
"624","USDe","Ethena USDe"
"625","PI","Pi"
"626","HYPE","Hyperliquid"
"627","POL","POL (prev. MATIC)"
"628","TRUMP","OFFICIAL TRUMP"
"629","RENDER","Render"
"630","DEXE","DeXe"
"631","S","Sonic (prev. FTM)"
"632","IP","Story"
"633","FORM","Four"
"634","WLD","Worldcoin"
"635","MOVE","Movement"
"636","PYUSD","PayPal USD"
"637","KAIA","Kaia"
"638","IOTA","IOTA"
"639","JTO","Jito"
"640","BERA","Berachain"
"641","FARTCOIN","Fartcoin"
"642","SPX","SPX6900"
"643","PENDLE","Pendle"
"644","GRASS","Grass"
"645","W","Wormhole"
"646","LAYER","Solayer"
"647","VIRTUAL","Virtuals Protocol"
"648","MELANIA","Official Melania Meme"
"649","CHEEMS","Cheems (cheems.pet)"
"650","ZRO","LayerZero"
"651","AXL","Axelar"
"652","PENGU","Pudgy Penguins"
"653","ZKJ","Polyhedra Network"
"654","AERO","Aerodrome Finance"
"655","SFP","SafePal"
"656","MORPHO","Morpho"
"657","AIOZ","AIOZ Network"
"658","ATH","Aethir"
"659","KAITO","KAITO"
"660","BLUR","Blur"
"661","MEW","cat in a dogs world"
"662","ZK","ZKsync"
"663","EIGEN","EigenLayer"
"664","BabyDoge","Baby Doge Coin"
"665","ZETA","ZetaChain"
"666","ID","SPACE ID"
"667","MOCA","Moca Network"
"668","DEEP","DeepBook Protocol"
"669","VANA","Vana"
"670","HMSTR","Hamster Kombat"
"671","UXLINK","UXLINK"
"672","POPCAT","Popcat (SOL)"
"673","FTN","Fasttoken"
"674","ZBU","Zeebu"
"675","USD0","Usual USD"
"676","ULTIMA","Ultima"
"677","WOULD","would"
"678","AB","AB"
"679","WAL","Walrus"
"680","FLZ","Fellaz"
"681","OHM","Olympus v2"
"682","BDX","Beldex"
"683","CHEEL","Cheelee"
"684","USDY","Ondo US Dollar Yield"
"685","WHITE","WhiteRock"
"686","UPC","UPCX"
"687","RLUSD","Ripple USD"
"688","BWB","Bitget Wallet Token"
"689","PLUME","Plume"
"690","DHN","Dohrnii"
"691","USDG","Global Dollar"
"692","DEUSD","Elixir deUSD"
"693","SAROS","Saros"
"694","BORG","SwissBorg"
"695","EURC","EURC"
"696","KOGE","48 Club Token"
"697","SNEK","Snek"
"698","SOS","Solana Swap"
"699","GPRO","GoldPro Token"
"700","CHEX","Chintai"
"701","USDF","Astherus USDF"
"702","RLB","Rollbit Coin"
"703","PNUT","Peanut the Squirrel"
"704","GOMINING","GoМining"
"705","DRIFT","Drift"
"706","GAS","Gas"
"707","AI16Z","ai16z"
"708","VENOM","Venom"
"709","ETHW","EthereumPoW"
"710","MPLX","Metaplex"
"711","ORBR","Orbler"
"712","GIGA","Gigachad"
"713","HONEY","Hivemapper"
"714","GMX","GMX"
"715","G","Gravity"
"716","GOHOME","GOHOME"
"717","DOG","Dog (Bitcoin)"
"718","DSYNC","Destra Network"
"719","PRIME","Echelon Prime"
"720","WMTX","World Mobile Token"
"721","MYTH","Mythos"
"722","POLYX","Polymesh"
"723","PXT","Pixer Eternity"
"724","ORCA","Orca"
"725","LUNA","Terra"
"726","FAI","Freysa"
"727","TURBO","Turbo"
"728","QUBIC","Qubic"
"729","ME","Magic Eden"
"730","STIK","Staika"
"731","ETHFI","ether.fi"
"732","RED","RedStone"
"733","AIC","AI Companions"
"734","EUL","Euler"
"735","ARKM","Arkham"
"736","BIGTIME","Big Time"
"737","USUAL","Usual"
"738","TOSHI","Toshi"
"739","ZIG","ZIGChain"
"740","COW","CoW Protocol"
"741","KUB","KUB Coin"
"742","SYRUP","Maple Finance"
"743","USDL","Lift Dollar"
"744","ACT","Acet"
"745","DLC","Diamond Launch"
"746","IO","io.net"
"747","USDB","USDB"
"748","SATS","SATS (Ordinals)"
"749","AUCTION","Bounce Token"
"750","METFI","MetFi"
"751","AIAT","AI Analysis Token"
"752","CPOOL","Clearpool"
"753","SWFTC","SwftCoin"
"754","B3","B3 (Base)"
"755","PAAL","PAAL AI"
"756","VEE","BLOCKv"
"757","PEAQ","peaq"
"758","BIO","Bio Protocol"
"759","AEVO","Aevo"
"760","ACX","Across Protocol"
"761","LON","Tokenlon Network Token"
"762","ZANO","Zano"
"763","ALT","Altlayer"
"764","ANIME","Animecoin"
"765","TST","Test"
"766","USDTb","Ethena Labs (USDTb)"
"767","VELO","Velo"
"768","MANTA","Manta Network"
"769","BDCA","BitDCA"
"770","XRD","Radix"
"771","ZBCN","Zebec Network"
"772","GEOD","GEODNET"
"773","BOME","BOOK OF MEME"
"774","NPC","Non-Playable Coin"
"775","HSK","HashKey Platform Token"
"776","FIDA","Solana Name Service"
"777","BLAST","Blast"
"778","MEME","Memecoin"
"779","BMX","BitMart Token"
"780","NEIRO","Neiro (First Neiro On Ethereum)"
"781","ISLM","ISLM"
"782","PHA","Phala Network"
"783","CARV","CARV"
"784","IAG","IAGON"
"785","AIXBT","aixbt"
"786","MLK","MiL.k"
"787","lisUSD","lisUSD"
"788","DYM","Dymension"
"789","PCI","Paycoin"
"790","POND","Marlin"
"791","AGI","Delysium"
"792","0x0","0x0.ai"
"793","PIXEL","Pixels"
"794","XAI","Xai"
"795","HEART","Humans.ai"
"796","RARE","SuperRare"
"797","AL","ArchLoot"
"798","GAME","GameBuild"
"799","CETUS","Cetus Protocol"
"800","DOGS","DOGS"
"801","ROAM","Roam"
"802","OMI","ECOMI"
"803","AEUR","Anchored Coins AEUR"
"804","BANANAS31","Banana For Scale"
"805","TRB","Tellor"
"806","ETHDYDX","dYdX (ethDYDX)"
"807","PIN","PinLink"
"808","VVV","Venice Token"
"809","CBK","Cobak Token"
"810","SUPRA","SUPRA"
"811","SLP","Smooth Love Potion"
"812","BONE","Bone ShibaSwap"
"813","CCD","Concordium"
"814","BANANA","Banana Gun"
"815","AVAIL","Avail"
"816","OAS","Oasys"
"817","AOG","smARTOFGIVING"
"818","TAIKO","Taiko"
"819","DF","dForce"
"820","AGLD","Adventure Gold"
"821","ALCH","Alchemist AI"
"822","BAN","Comedian"
"823","ZENT","Zentry"
"824","SHFL","Shuffle"
"825","WILD","Wilder World"
"826","CGPT","ChainGPT"
"827","WONUS","Wrapped ONUS"
"828","BB","BounceBit"
"829","EURCV","EUR CoinVertible"
"830","MERL","Merlin Chain"
"831","ALEO","Aleo"
"832","PEPECOIN","PepeCoin"
"833","ALI","Artificial Liquid Intelligence"
"834","QI","BENQI"
"835","OLAS","Autonolas"
"836","ABT","Arcblock"
"837","ACS","Access Protocol"
"838","SCR","Scroll"
"839","EURI","Eurite"
"840","VCNT","ViciCoin"
"841","TOKAMAK","Tokamak Network"
"842","EDU","Open Campus"
"843","VANRY","Vanar Chain"
"844","COREUM","Coreum"
"845","BGSC","BugsCoin"
"846","TNSR","Tensor"
"847","HPO","Hippocrat"
"848","X","X Empire"
"849","NYM","NYM"
"850","CET","CoinEx Token"
"851","EURt","Tether EURt"
"852","GOAT","Goatseus Maximus"
"853","PONKE","Ponke"
"854","PARTI","Particle Network"
"855","APU","Apu Apustaja"
"856","VICE","VICE Token"
"857","L1","Lamina1"
"858","D","Dar Open Network"
"859","USA","American Coin"
"860","ATM","Atletico Madrid Fan Token"
"861","BTCUSD","Bitcoin USD (BTCFi)"
"862","DEFI","DeFi"
"863","42","42-coin"
"864","VC","VinuChain"
"865","$1","just buy $1 worth of this coin"
"866","FARM","FARM"
"867","DC","Dogechain"
"868","SB","Snowbank"
"869","FBTC","Function ƒBTC"
"870","OG","OG Fan Token"
"871","00","00 Token"
"872","MIN","Minswap"
"873","SBR","Strategic Bitcoin Reserve"
"874","IMO","IMO"
"875","SILK","Silk"
"876","MSTR","MSTR2100"
"877","$ELON","Elon"
"878","FOX","ShapeShift FOX"
"879","ADX","AdEx"
"880","BITCOIN","HarryPotterObamaSonic10Inu (ETH)"
"881","MC_","Market Cap"
"882","WHALE","WHALE"
"883","FI","Fideum"
"884","$MYRO","Myro"
"885","$WEN","Wen"
"886","BMEX","BitMEX"
"887","THE","Thena"
"888","DCF","Decentralized Finance"
"889","LBTC","Lombard Staked BTC"
"890","USD1","USD1"
"891","IBIT","InfinityBit Token"
"892","SOFI","RAI Finance"
"893","FT","Fracton Protocol"
"894","BUIDL","BlackRock USD Institutional Digital Liquidity Fund"
"895","STO","StakeStone"
"896","RWA","RWA Inc."
"897","CLOUD","Cloud"
"898","MEMES","MEMES"
"899","NC","Nodecoin"
"900","SENATE","SENATE"
"901","USDS","USDS"
"902","ALPACA","Alpaca Finance"
"903","DODO","DODO"
"904","FOMO","FOMO"
"905","MOODENG","Moo Deng"
"906","FUD","Fud the Pug"
"907","WHY","WHY"
"908","AVA","AVA"
"909","SG","SocialGood"
"910","LING","Lingose"
"911","ARPA","ARPA"
"912","AHT","AhaToken"
"913","LWA","LumiWave"
"914","E","Etheism"
"915","RAIL","Railgun"
"916","JAM","Geojam"
"917","BLOCK","Blockasset"
"918","TIME","chrono.tech"
"919","OI","O Intelligence Coin"
"920","UST","TerraUSD"
"921","MC","Market Cap"
"922","LEND","Aave [OLD]"
"923","KUJI","Kujira"
"924","USK","USK"
"925","SHR","Share"
"926","TRYB","BiLira"
"927","NYS","node.sys"
"928","USX","dForce USD"
"929","USDA","USDa"
"930","USDM","Mountain Protocol USD"
"931","WETH","WETH"
"932","BAC","Bacon Protocol"
"933","KEY","SelfKey"
"934","ECOIN","Ecoin"
"935","MULTI","Multichain"
"936","ERC20","ERC20"
"937","ETHDOWN","ETHDOWN"
"938","ETHUP","ETHUP"
"939","$GROK","Grok"
"940","MUBARAK","Mubarak"
"941","BANK","Lorenzo Protocol"
"942","GME","GME"
"943","$ROAR","Roaring Kitty"
"944","BINK","Big Dog Fink"
"945","UX","UX Chain"
"946","SAM","Samsunspor Fan Token"
"947","NVT","NerveNetwork"
"948","ADASOL","ADA"
"949","J","Jambo"
"950","OUSG","OUSG"
"951","REX","REVOX"
"952","BULL","Tron Bull"
"953","PDA","PlayDapp"
"954","U","Unidef"
"955","GBYTE","Obyte"
"956","BTS","BitShares"
"957","LIBRA","Libra"
"958","ACRED","Apollo Diversified Credit Securitize Fund"
"959","VINE","Vine"
"960","CHILLGUY","Just a chill guy"
"961","MNDE","Marinade"
"962","SAGA","Saga"
"963","BODEN","Jeo Boden"
"964","HNS","Handshake"
"965","GORK","New XAI Gork"
"966","HOUSE","Housecoin"
"967","SONIC","Sonic SVM"
"968","DOGA","Dogami"
"969","ZAP","Zap"
"970","GAINS","Gains"
"971","LIT","Litentry"
"972","BMT","Bubblemaps"
"973","VIDT","VIDT DAO"
"974","OFT","ONFA"
"975","BNSOL","Binance Staked SOL"
"976","ADP","Adappter"
"977","GDP","GertrudeDataPig"
"978","SIX","SIX Network"
"979","TBTC","tBTC"
"980","HEI","Heima"
"981","MDT","Measurable Data"
"982","TROY","TROY"
"983","SOLV","Solv Protocol"
"984","SHELL","MyShell"
"985","ERN","Ethernity Chain"
"986","JUV","Juventus Fan Token"
"987","TRU","TrueFi"
"988","RDNT","Radiant Capital"
"989","ACM","AC Milan Fan Token"
"990","SLF","Self Chain"
"991","SYN","Synapse"
"992","IDEX","IDEX"
"993","LISTA","Lista DAO"
"994","CTXC","Cortex"
"995","ASR","AS Roma Fan Token"
"996","LAZIO","Lazio Fan Token"
"997","MIM","Magic Internet Money (Ethereum)"
"998","CREAM","Cream"
"999","STRAT","Stratis"
"1000","CBBTC","Coinbase Wrapped BTC"
"1001","DORA","Dora Factory"
"1002","DEAI","Zero1 Labs"
"1003","ORDER","Orderly Network"
"1004","APY","AgentiPy"
"1005","GYEN","GYEN"
"1006","LEASH","Doge Killer"
"1007","TAKI","Taki Games"
"1008","VUSD","Virtual USD"
"1009","TRUF","Truflation"
"1010","PNP","Penpie"
"1011","COQ","Coq Inu"
"1012","KIMBO","Kimbo"
"1013","CRE","Carry"
"1014","WAVAX","Wrapped AVAX"
"1015","EDEN","EDEN"
"1016","GUN","Gunz"
"1017","KNINE","K9 Finance DAO"
"1018","TCAT","The Currency Analytics"
"1019","NOW","Now Coin"
"1020","TREAT","Shiba Inu Treat"
"1021","GPU","NodeAI"
"1022","EMC","Edge Matrix Computing"
"1023","SIS","Symbiosis"
"1024","WLEO","LeoFinance Token"
"1025","CUB","Cub Finance"
"1026","BLEO","BEP20 LEO"
"1027","POLYCUB","PolyCub"
"1028","PHBD","Polygon HBD"
"1029","PHIVE","Polygon Hive"
"1030","BHBD","bHBD"
"1031","BHIVE","bHIVE"
"1032","ALCAZAR","Alcazar (OLD)"
"1033","SEED","SEED"
"1034","MAGA","MAGA Hat"
"1035","METAV","METAVERSE"
"1036","KARATE","Karate Combat"
"1037","PIP","PiP"
"1038","EDGE","Edge"
"1039","XCM","Coinmetro"
"1040","STC","SaitaChain Coin"
"1041","AUSD","AUSD"
"1042","QUANT","Gen Z Quant"
"1043","MCO","MCO"
"1044","WCRO","Wrapped CRO"
"1045","SAN","Santiment Network Token"
"1046","LBK","LBK"
"1047","BABY","Babylon"
"1048","INIT","Initia"
"1049","SIGN","Sign"
"1050","NIL","Nillion"
"1051","WCT","WalletConnect Token"
"1052","PROMPT","Wayfinder"
"1053","AITECH","Solidus Ai Tech"
"1054","MAGIC","Treasure"
"1055","KTA","Keeta"
"1056","ZEREBRO","Zerebro"
"1057","GPS","GoPlus Security"
"1058","ZORA","Zora"
"1059","FIS","Stafi"
"1060","EPIC","Epic Chain"
"1061","KERNEL","KernelDAO"
"1062","KEKIUS","Kekius Maximus"
"1063","KOMA","Koma Inu"
"1064","MAVIA","Heroes of Mavia"
"1065","OBT","Oobit"
"1066","BUBB","Bubb"
"1067","FLM","Flamingo Finance"
"1068","PAX","Paxos Standard"
"1069","SPACE","MicrovisionChain"
"1070","APL","Apollo"
"1071","BROCCOLI","Broccoli"
"1072","NAV","Navcoin"
"1073","NPM","Neptune Mutual"
"1074","HOLY","Holy Trinity"
"1075","BITO","ProShares Bitcoin Strategy ETF"
"1076","","IERC-20"
"1077","AA","ALVA"
"1078","MON","MON"
"1079","MOR","MorpheusAI"
"1080","ZND","ZND Token"
"1081","GTC","Gitcoin"
"1082","RSS3","RSS3"
"1083","ARC","AI Rig Complex"
"1084","SNAI","SwarmNode.ai"
"1085","PEPU","Pepe Unchained"
"1086","SLAP","CatSlap"
"1087","LAVA","Lava Network"
"1088","ALU","Altura"
"1089","SPEC","Spectral"
"1090","NEURAL","NEURALAI"
"1091","MODE","Mode"
"1092","ENQAI","enqAI"
"1093","GURU","Guru Network"
"1094","IONC","IONChain"
"1095","FIRO","Firo"
"1096","PROS","Prosper [OLD]"
"1097","NULS","NULS"
"1098","HARD","Kava Lend"
"1099","DIA","DIA"
"1100","BENJI","Basenji"
"1101","VARA","Vara Network"
"1102","PIVX","PIVX"
"1103","MWC","MimbleWimbleCoin"
"1104","ZKML","zKML"
"1105","TORN","Tornado Cash"
"1106","BCHA","Bitcoin Cash ABC"
"1107","V","Version"
"1108","CAG","Change"
"1109","RISE","Rise"
"1110","SOBTC","Wrapped Bitcoin (Sollet)"
"1111","O","Optim Finance"
"1112","TRC","MetaTrace"
"1113","MGP","Magpie"
"1114","BOB","BOB"
"1115","LUCE","Luce"
"1116","PSTAKE","pSTAKE Finance"
"1117","GNON","Numogram"
"1118","GUI","Gui Inu"
"1119","GPT","QnA3.AI"
"1120","SHA","Safe Haven"
"1121","SVM","StratoVM"
"1122","VRA","Verasity"
"1123","CLV","Clover Finance"
"1124","REZ","Renzo"
"1125","CHESS","Tranchess"
"1126","HPT","Huobi Pool Token"
"1127","PSG","Paris Saint-Germain Fan Token"
"1128","NEON","Neon"
"1129","GET","GET Protocol"
"1130","CANTO","CANTO"
"1131","VEGA","Vega Protocol"
"1132","CBETH","Coinbase Wrapped Staked ETH"
"1133","XDEFI","XDEFI"
"1134","REGEN","Regen"
"1135","BRRR","Burrow"
"1136","SD","Stader"
"1137","VEN","Vechain [Token]"
"1138","NANO","Nano"
"1139","B3TR","VeBetterDAO"
"1140","SCPT","Script Network"
"1141","UFC","UFC Fan Token"
"1142","SCP","ScPrime"
"1143","PBR","PolkaBridge"
"1144","STON","STON"
"1145","OX","OX Coin"
"1146","MOE","MOE"
"1147","GHO","GHO"
"1148","SWEAT","Sweat Economy"
"1149","XION","XION"
"1150","COCA","COCA"
"1151","LAND","Landshare"
"1152","NEXT","Everclear"
"1153","PSK","Pool of Stake"
"1154","PLY","Plenty PLY"
"1155","WBTC.E","WBTC (Plenty Bridge)"
"1156","WETH.P","Polygon WETH (Plenty Bridge)"
"1157","WETH.E","WETH (Plenty Bridge)"
"1158","EGEUR.E","agEUR (Plenty Bridge)"
"1159","LINK.E","Chainlink (Plenty Bridge)"
"1160","BUSD.E","BUSD (Plenty Bridge)"
"1161","USDC.E","USD Coin (Plenty Bridge)"
"1162","MATIC.E","MATIC (Plenty Bridge)"
"1163","USDT.E","Tether (Plenty Bridge)"
"1164","WMATIC.P","WMATIC (Plenty Bridge)"
"1165","QUIPU","QuipuSwap Governance"
"1166","ESOL","Eversol Staked SOL"
"1167","PINKAV","Pinjam.Kava"
"1168","WSB","Wall Street Baby"
"1169","CRNCHY","Crunchy Network"
"1170","CRDAO","Crunchy DAO"
"1171","LXT","LEXIT"
"1172","LEXI","LEXIT"
"1173","NPXS","Pundi X [OLD]"
"1174","VSG","Vector Smart Gas"
"1175","VR","Victoria VR"
"1176","CATI","Catizen"
"1177","GODS","Gods Unchained"
"1178","BIFI","Beefy"
"1179","MMF","MMFinance (Cronos)"
"1180","FIRE","Matr1x Fire"
"1181","GMEE","GAMEE"
"1182","QAI","QuantixAI"
"1183","DEGO","Dego Finance"
"1184","BORED","BORED"
"1185","TOKEN","TokenFi"
"1186","WISE","Wise"
"1187","ORN","Orion"
"1188","CYBER","CYBER"
"1189","FRIEND","Friend.tech"
"1190","OXY","Oxygen"
"1191","SABAI","Sabai Protocol"
"1192","NUM","Numbers Protocol"
"1193","SLG","SLG.GAMES"
"1194","WELL","Moonwell"
"1195","XPLA","XPLA"
"1196","BCUT","bitsCrunch Token"
"1197","IRON","Iron Fish"
"1198","ML","Mintlayer"
"1199","DCK","DexCheck AI"
"1200","FP","Fren Pet"
"1201","CQT","Covalent"
"1202","FJO","Fjord Foundry"
"1203","DIONE","Dione"
"1204","DIO","Decimated"
"1205","GO","GoChain"
"1206","BOP","Bop Cat"
"1207","MOON","r/CryptoCurrency Moons"
"1208","FORTH","Ampleforth Governance"
"1209","QUICK","Quickswap [OLD]"
"1210","BELLS","Bellscoin"
"1211","LOKA","League of Kingdoms"
"1212","LINA","Linear"
"1213","WOW","Wownero"
"1214","CHMB","Chumbi Valley"
"1215","COS","Contentos"
"1216","ALPH","Alephium"
"1217","STG","Stargate Finance"
"1218","DEGEN","Degen (Base)"
"1219","OMNI","Omni Network"
"1220","BEER","Beercoin"
"1221","MMPRO","Market Making Pro"
"1222","BC","BCGame Coin"
"1223","TUT","Tutorial"
"1224","XT","XT.com"
"1225","BBB","Beny Bad Boy"
"1226","XX","XX Network"
"1227","MEMEFI","MemeFi"
"1228","MONKY","Wise Monkey"
"1229","FLORK","FLORK CTO"
"1230","SWARMS","Swarms"
"1231","OPUL","Opulous"
"1232","NMT","NetMind Token"
"1233","ACE","Fusionist"
"1234","FLT","Fluence"
"1235","DIMO","DIMO"
"1236","RAI","Rai Reflex Index"
"1237","WXM","WeatherXM"
"1238","LYX","LUKSO"
"1239","LMWR","LimeWire"
"1240","FOXY","Foxy"
"1241","STARS","Stargaze"
"1242","AIT","AIT Protocol"
"1243","RTB","Roundtable"
"1244","MP","MerlinSwap"
"1245","BMIC","Bitmic"
"1246","DETO","Delta Exchange Token"
"1247","KET","Ket"
"1248","ABI","Abi"
"1249","SUNDOG","Sundog"
"1250","ERD","ELDORADO TOKEN"
"1251","DOP","Data Ownership Protocol"
"1252","PHB","Phoenix"
"1253","$HYPE","SuperRareBears HYPE"
"1254","WEGLD","Wrapped EGLD"
"1255","PLATA","Plata Network"
"1256","GLTM","Golteum"
"1257","ASH","AshSwap"
"1258","WBT","WhiteBIT Token"
"1259","ESTAR","ESTAR.GAMES"
"1260","MEX","xExchange"
"1261","BSK-BAA025","Beskar"
"1262","BHAT","BHNetwork"
"1263","MOBILE","Helium Mobile"
"1264","IOT","Helium IOT"
"1265","FLOCK","FLOCK"
"1266","VITA","VitaDAO"
"1267","SEKOIA","sekoia by Virtuals"
"1268","ANYONE","ANyONe Protocol"
"1269","USC","Orby Network USC Stablecoin"
"1270","DEPIN","DEPIN"
"1271","KMNO","Kamino"
"1272","HBN","Hobonickels"
"1273","NOS","Nosana"
"1274","SAITO","Saito"
"1275","TWJ","TronWeeklyJournal"
"1276","OKDOT1","OKX Staked DOT1"
"1277","OKDOT2","OKX Staked DOT2"
"1278","F","SynFutures"
"1279","GRIN","Grin"
"1280","ZF","zkSwap Finance"
"1281","VSP","Vesper Finance"
"1282","WOLF","LandWolf"
"1283","VOXEL","Voxies"
"1284","SFM","SafeMoon"
"1285","$THREE","THREE"
"1286","K","Kinto"
"1287","CAR","Central African Republic Meme"
"1288","888","888"
"1289","REKT","Rekt"
"1290","ATMOS","Atmos"
"1291","BET","EarnBet"
"1292","WEOS","Wrapped EOS"
"1293","MPC","Partisia Blockchain"
"1294","RAM","Ramses Exchange"
"1295","WOJAK","Wojak"
"1296","LUCA","LUCA"
"1297","STRIKE","Strike"
"1298","MOTHER","Mother Iggy"
"1299","PAC","PacMoon"
"1300","PIKA","Pika Protocol"
"1301","QORPO","QORPO WORLD"
"1302","BRN","BRN Metaverse"
"1303","BRUSH","Paint Swap"
"1304","DGD","DigixDAO"
"1305","APOLLO","Apollo"
"1306","GFI","Goldfinch"
"1307","PRCL","Parcl"
"1308","PAID","PAID Network"
"1309","NST","Ninja Squad Token"
"1310","SOURCE","Source"
"1311","FNSA","FINSCHIA"
"1312","WKLAY","Wrapped KLAY"
"1313","JEWEL","DeFi Kingdoms"
"1314","DFKTEARS","Gaia's Tears"
"1315","CRYSTAL","DeFi Kingdoms Crystal"
"1316","WJEWEL","WJEWEL"
"1317","XJEWEL","xJEWEL"
"1318","DATA","Streamr"
"1319","WBTT","Wrapped BTT"
"1320","FILDA","Filda"
"1321","BCHABC","Bitcoin Cash ABC [IOU]"
"1322","GFT","Gifto"
"1323","STRX","StrikeX"
"1324","ETHS","Ethereum PoS on Gate.io"
"1325","IPUNKS","CryptoPunks Fraction Token"
"1326","BTNYX","BitOnyx"
"1327","WDUCX","Wrapped DucatusX"
"1328","DUCX","DucatusX"
"1329","CMN","Crypto Media Network [OLD]"
"1330","ET","Extraterrestrial Token"
"1331","USD+","Overnight.fi USD+"
"1332","ETF","ETF The Token"
"1333","UFARM","UniFarm"
"1334","XZC","Zcoin"
"1335","LUNR","Lunr"
"1336","JT","Jubi Token"
"1337","BMN","BlockStream Mining Notes"
"1338","LEDU","Education Ecosystem"
"1339","AMZE","The Amaze World"
"1340","FBT","Fibitpro Exchange"
"1341","XIDO","Xido Finance"
"1342","PTX","PlatinX"
"1343","BTMX","Bitmax Token"
"1344","AAA","AAA COIN"
"1345","SMR","Shimmer Network"
"1346","PRE","Presearch"
"1347","SOON","Soonaverse"
"1348","CROWN","Crown by Third Time Games"
"1349","BOOK","BOOK"
"1350","RBN","Ribbon Finance"
"1351","MAS","Massa"
"1352","RUBY","RUBY"
"1353","KASTA","Kasta"
"1354","FXY","Floxypay"
"1355","CNC","Conic"
"1356","DFP2","DefiPlaza"
"1357","FRXETH","Frax Ether"
"1358","SFRXETH","Staked Frax Ether"
"1359","SDT","Stake DAO"
"1360","SDBAL","Stake DAO Balancer"
"1361","SDCRV","Stake DAO CRV"
"1362","CHANGE","ChangeX"
"1363","BKRW","Binance KRW"
"1364","EDGT","Edgecoin"
"1365","PEBBLE","Etherrock #72"
"1366","SAI","Single Collateral DAI "
"1367","KDAI","Klaytn Dai"
"1368","CLT","CoinLoan"
"1369","CODI","Coin Discovery"
"1370","STE","Stretch To Earn"
"1371","CMERGE","CoinMerge (ERC20)"
"1372","GOMAX","GOMAx"
"1373","GOMA","Goma Finance"
"1374","CHI","XAYA"
"1375","XIDR","XIDR"
"1376","DUCK","Unit Protocol"
"1377","COL","Unit Protocol"
"1378","CDAI","Compound Dai"
"1379","CETH","cETH"
"1380","CUSDC","cUSDC"
"1381","CUSDT","cUSDT"
"1382","CUNI","cUNI"
"1383","CZRX","c0x"
"1384","CBAT","cBAT"
"1385","CREP","cREP"
"1386","CWBTC","cWBTC"
"1387","CSAI","cSAI"
"1388","CCOMP","cCOMP"
"1389","CAAVE","cAAVE"
"1390","CSUSHI","cSUSHI"
"1391","CYFI","cYFI"
"1392","CMKR","cMKR"
"1393","CLINK","cLINK"
"1394","BHT","BHEX Token"
"1395","HBC","HBTC Captain Token"
"1396","CREX","Crex Token"
"1397","SMTY","Smoothy"
"1398","DOGEN","Dogen Finance"
"1399","OWL","OWL Token"
"1400","SGR","Sogur"
"1401","FCT","Factom"
"1402","KP3R","Keep3rV1"
"1403","WSTETH","Wrapped stETH"
"1404","TAI","TARS Protocol"
"1405","FTW","Black Agnus"
"1406","FIO","FIO Protocol"
"1407","PROPC","Propchain"
"1408","N3","Network3"
"1409","PUMPBTC","pumpBTC"
"1410","NEX","Nash"
"1411","SWTH","Carbon Protocol"
"1412","GM","GM.AI"
"1413","WAV","Fractionalized WAVE-999"
"1414","DAOJONES","Fractionalized SMB-2367"
"1415","DRGNZ","Boryoku Genesis Dragonz Index"
"1416","SAC","Stoned Ape Crew Index"
"1417","PLAYA","Playground"
"1418","IVRY","Portals Ivory Index"
"1419","BBI","Bridgesplit Brand Index"
"1420","WHALES","Catalina Whales Index"
"1421","DAPE","Degenerate Ape Academy Floor Index"
"1422","DPUNKZ","Duck Punkz Universe Floor Index"
"1423","BURR","Burrito Boyz Floor Index"
"1424","ABC","ABC Floor Index"
"1425","OKAYB","Okay Bears Floor Index"
"1426","JPYN","WENWEN JPYN"
"1427","SHAREN","WENWEN SHAREN"
"1428","EURN","WENWEN EURN"
"1429","MUNA","Muna"
"1430","SWOP","Swop"
"1431","SCONEX","SCOneX"
"1432","VIRES","Vires Finance"
"1433","IPAD","Infinity Pad"
"1434","AXAI","Axai"
"1435","WX","Waves Exchange"
"1436","BIGSB","BigShortBets"
"1437","ENNO","ENNO Cash"
"1438","YOP","Yield Optimization Platform & Protocol"
"1439","CVP","PowerPool Concentrated Voting Power"
"1440","PIPT","Power Index Pool"
"1441","YETI","Yearn Ecosystem Index"
"1442","ASSY","ASSY Index"
"1443","YLA","Yearn Lazy Ape"
"1444","LLM","Large Language Model"
"1445","ANON","Hey Anon"
"1446","SLERF","Slerf"
"1447","DADDY","Daddy Tate"
"1448","WAIT","theydontloveyoulikeiloveyou"
"1449","Z","PLANZ"
"1450","CREO","Creo Engine"
"1451","NEVER","neversol"
"1452","BILLY","Billy"
"1453","BFG","BFG Token"
"1454","PUNK","PunkCity"
"1455","NAP","Napoli Fan Token"
"1456","WSM","Wall Street Memes"
"1457","SBTC","sBTC"
"1458","ELA","Elastos"
"1459","VELAR","Velar"
"1460","BIG","BIG"
"1461","ALEX","ALEX Lab"
"1462","WELSH","Welshcorgicoin"
"1463","SX","SX Network"
"1464","NUB","Sillynubcat"
"1465","ARG","Argentine Football Association Fan Token"
"1466","SRMSO","Serum (Wormhole)"
"1467","ATLAS","Star Atlas (Wormhole)"
"1468","AURY","Aurory (Wormhole)"
"1469","USDTSO","Tether USD (Wormhole)"
"1470","USDCSO","USD Coin (Wormhole)"
"1471","MSOL","Marinade staked SOL (Wormhole)"
"1472","AKRO","Akropolis (Wormhole)"
"1473","1SOL","1sol.io (Wormhole)"
"1474","USDTPO","Tether USD (PoS) (Wormhole)"
"1475","USDCPO","USD Coin (PoS) (Wormhole)"
"1476","MATICPO","MATIC (Wormhole)"
"1477","USDCAV","USD Coin (Wormhole from Avalanche)"
"1478","AXSET","Axie Infinity Shard (Wormhole)"
"1479","USDCBS","USD Coin (Wormhole from BSC)"
"1480","DAIPO","Dai Stablecoin (Wormhole)"
"1481","USDTBS","Tether USD (Wormhole from BSC)"
"1482","BUSDET","Binance USD (Wormhole)"
"1483","BUSDBS","Binance USD (Wormhole from BSC)"
"1484","AGEUR","agEUR (Wormhole)"
"1485","IBBTC","Interest Bearing Bitcoin (Wormhole)"
"1486","GOHM","Governance OHM (Wormhole)"
"1487","TOKE","Tokemak (Wormhole)"
"1488","UBXT","UpBots (Wormhole)"
"1489","SRMET","Serum (Wormhole from Ethereum)"
"1490","SWAG","SWAG Finance (Wormhole)"
"1491","UFO","UFO Gaming (Wormhole)"
"1492","MIMET","Magic Internet Money (Wormhole)"
"1493","USDCET","USD Coin (Wormhole from Ethereum)"
"1494","USDK","USDK (Wormhole)"
"1495","USDTET","Tether USD (Wormhole from Ethereum)"
"1496","MATH","MATH Token (Wormhole)"
"1497","FRONT","Frontier Token (Wormhole)"
"1498","FTMET","Fantom Token (Wormhole)"
"1499","MATICET","Matic (Wormhole from Ethereum)"
"1500","LUA","LuaToken (Wormhole)"
"1501","HGET","Hedget (Wormhole)"
"1502","ICE","Ice (Wormhole)"
"1503","CREDI","Credefi (Wormhole)"
"1504","USDCARB","USD Coin (Wormhole Arb)"
"1505","USDCBNB","USD Coin (Wormhole BNB)"
"1506","PFL","Professional Fighters League Fan Token"
"1507","AM","Aston Martin Cognizant Fan Token"
"1508","SAUBER","Alfa Romeo Racing ORLEN"
"1509","VIT","Team Vitality Fan Token"
"1510","SCCP","S.C. Corinthians Fan Token"
"1511","INTER","Inter Milan Fan Token"
"1512","VCF","Valencia CF Fan Token"
"1513","LEV","Levante U.D. Fan Token"
"1514","GALO","Clube Atlético Mineiro Fan Token"
"1515","ROUSH","Roush Fenway Racing Fan Token"
"1516","DZG","Dinamo Zagreb Fan Token"
"1517","MENGO","Flamengo Fan Token"
"1518","EFC","Everton Fan Token"
"1519","LUFC","Leeds United Fan Token"
"1520","SPFC","Sao Paulo FC Fan Token"
"1521","DAVIS","Davis Cup Fan Token"
"1522","RACING","Racing Club Fan Token"
"1523","AFC","Arsenal Fan Token"
"1524","MIBR","MIBR Fan Token"
"1525","SACI","SC Internacional Fan Token"
"1526","GFK","Gaziantep FK Fan Token"
"1527","CPFC","Crystal Palace FC Fan Token"
"1528","ITA","Italian National Football Team Fan Token"
"1529","VASCO","Vasco da Gama Fan Token"
"1530","TIGRES","Tigres Fan Token"
"1531","QUINS","Harlequins Fan Token"
"1532","SARRIES","Saracens Fan Token"
"1533","TIGERS","Leicester Tigers Fan Token"
"1534","PERSIB","Persib Fan Token"
"1535","FLU","Fluminense FC Fan Token"
"1536","SHARKS","The Sharks Fan Token"
"1537","UDI","Udinese Calcio Fan Token"
"1538","RSO","Real Sociedad Fan Token"
"1539","BAHIA","Esporte Clube Bahia Fan Token"
"1540","BUFC","Bali United FC Fan Token"
"1541","HASHTAG","Hashtag United Fan Token"
"1542","VERDAO","Palmeiras Fan Token"
"1543","SEVILLA","Sevilla Fan Token"
"1544","JDT","Johor Darul Ta’zim FC"
"1545","DRGN","Dragon Sun"
"1546","SUNWUKONG","SunWukong"
"1547","BHO","BHO Network"
"1548","8PAY","8Pay"
"1549","$SWING","Swing.xyz"
"1550","OKSE","Okse"
"1551","KT","KingdomX"
"1552","DSS","Defi Shopping Stake"
"1553","LRN","Loopring [NEO]"
"1554","USTBL","Spiko US T-Bills Money Market Fund"
"1555","NFP","NFPrompt"
"1556","ARENA","The Arena"
"1557","DCT","Degree Crypto Token"
"1558","GZIL","governance ZIL"
"1559","ZWAP","ZilSwap"
"1560","FEES","Unifees"
"1561","ZILPEPE","ZilPepe"
"1562","STZIL","stZIL"
"1563","LINDA","Linda"
"1564","EXM","EXMO Coin"
"1565","OCE","OceanEX Token"
"1566","D2T","Dash 2 Trade"
"1567","XRUNE","Thorstarter"
"1568","CACAO","Maya Protocol"
"1569","DFL","DeFi Land"
"1570","GOLDY","DeFi Land Gold"
"1571","PET","Hello Pets"
"1572","CRDT","CRDT"
"1573","ZCL","Zclassic"
"1574","CRS","Cirrus"
"1575","WSTRAX","Wrapped Strax"
"1576","IF","Impossible Finance"
"1577","IDIA","Impossible Finance Launchpad"
"1578","MOBL","Mobula"
"1579","SOLID","Solidly"
"1580","OOE","OpenOcean"
"1581","VCOIN","Metajuice"
"1582","ADM","ADAMANT Messenger"
"1583","PEPEDASHAI","Pepe Dash AI"
"1584","DASHD","Dash Diamond"
"1585","PRESALE","Presale.World"
"1586","1FLR","Flare Token"
"1587","MATICX","Stader MaticX"
"1588","NFAI","Not Financial Advice"
"1589","PINKSALE","PinkSale"
"1590","INUKO","Inuko Finance"
"1591","WAM","Wam"
"1592","BNSD","BNSD Finance"
"1593","BNS","BNS"
"1594","BNSG","BNS Governance"
"1595","NABOX","Nabox"
"1596","PHNX","Phenix Finance [OLD]"
"1597","TMT","TopManager"
"1598","GOAL","TopGoal"
"1599","TSA","Teaswap Art"
"1600","CWAR","Cryowar"
"1601","PROB","Probit"
"1602","YOM","YOM"
"1603","SEKO","SekoPay"
"1604","FF","Forefront"
"1605","FUC","FUBT Token"
"1606","CVL","Civilization Network"
"1607","DARA","Immutable"
"1608","MCRT","MagicCraft"
"1609","HELLO","HELLO"
"1610","$LOBSTER","LOBSTER"
"1611","PSR","Pandora Spirit"
"1612","PAN","Pandorium"
"1613","CYOP","CyOp Protocol"
"1614","JP","JP"
"1615","QGOLD","Quorium"
"1616","KAU","Kinesis Gold"
"1617","MTV","MultiVAC"
"1618","$GAIN","Gold AI Network Token"
"1619","CIC","Crazy Internet Coin"
"1620","WBETH","Wrapped Beacon ETH"
"1621","SWAP","TrustSwap"
"1622","CITY","Manchester City Fan Token"
"1623","PRQ","PARSIQ"
"1624","CLANKER","tokenbot"
"1625","GST","GST"
"1626","GST-SOL","STEPN Green Satoshi Token on Solana"
"1627","GST-BSC","STEPN Green Satoshi Token on BSC"
"1628","GST-ETH","STEPN Green Satoshi Token on ETH"
"1629","CRVUSD","crvUSD"
"1630","UWU","UwU Lend"
"1631","DOLA","DOLA"
"1632","PORTAL","Portal"
"1633","SNS","Synesis One"
"1634","BURN","Burn"
"1635","SHI","Shina Inu"
"1636","HDX","HydraDX"
"1637","INTR","Interlay"
"1638","JIM","Jim"
"1639","NUSD","nUSD (HotBit)"
"1640","SDN","Shiden Network"
"1641","VETH","Voucher ETH"
"1642","BNC","Bifrost Native Coin"
"1643","NUUM","Metaverse.Network"
"1644","NEER","Metaverse.Network Pioneer"
"1645","KMA","Calamari Network"
"1646","KINT","Kintsugi"
"1647","KBTC","Kintsugi BTC"
"1648","KYL","Kylin Network"
"1649","MYRIA","Myria"
"1650","CEUR","Celo Euro"
"1651","STCELO","Staked Celo"
"1652","EFI","Efinity Token"
"1653","ELET","Elementeum"
"1654","VIC","Viction"
"1655","VIB","Viberate"
"1656","TOWN","Town Star"
"1657","ATR","Artrade"
"1658","ONI","ONINO"
"1659","QSR","Quasar"
"1660","NYAN","Nyan Heroes"
"1661","RFD","Refund"
"1662","PHMN","POSTHUMAN"
"1663","WTT","Wrapped Thunder Token"
"1664","LION","Lion Scrub Money"
"1665","TIGER","Tiger Scrub Money"
"1666","BEAR","Bear Scrub Money"
"1667","MARE","Mare Finance"
"1668","CHAM","Champion"
"1669","EVIC","Ethereum Victory"
"1670","XIN","Mixin"
"1671","ACSI","ACryptoSI"
"1672","REB","Realbox"
"1673","BINSPIRIT","binSPIRIT"
"1674","BEFTM","Beefy Escrowed Fantom"
"1675","ALGB","Algebra"
"1676","SPIDER","Spider Spirit"
"1677","LQDR","LiquidDriver"
"1678","LINSPIRIT","linSpirit"
"1679","WKAVA","Wrapped Kava"
"1680","FRA","Fractal"
"1681","YOOSHI","YooShi"
"1682","SCS","Solcasino Token"
"1683","AURA","Aura"
"1684","DG","DeGate"
"1685","GXC","GXChain"
"1686","DBC","DeepBrain Chain"
"1687","STRD","Stride"
"1688","DXY","US Degen Index 6900"
"1689","MNR","Mineral"
"1690","JENNER","Caitlyn Jenner"
"1691","REI","REI Network"
"1692","MTD","Minted"
"1693","IRIS","IRISnet"
"1694","XRT","Robonomics Network"
"1695","DCI","Decentralized Cloud Infra"
"1696","CVXCRV","Convex CRV"
"1697","CVXFXS","Convex FXS"
"1698","CVXFPIS","Convex FPIS"
"1699","FWOG","Fwog"
"1700","WAGMI","Wagmi"
"1701","DEL","Decimal"
"1702","A8","Ancient8"
"1703","DD","Diment Dollar"
"1704","XR","Xraders"
"1705","BUY","Buying.com"
"1706","NODL","Nodle Network"
"1707","WNT","Wicrypt"
"1708","ATOR","AirTor Protocol"
"1709","NAI","Nuklai"
"1710","VDA","Verida"
"1711","TREMP","Doland Tremp"
"1712","GOG","Guild of Guardians"
"1713","OCTA","OctaSpace"
"1714","BKN","Brickken"
"1715","TRADE","Polytrade"
"1716","KOL","King of Legends"
"1717","XDCE","XinFin Network"
"1718","WXDC","Wrapped XDC"
"1719","PRNT","Prime Numbers Ecosystem"
"1720","XTT","XSwap Treasure"
"1721","XSP","XSwap Protocol"
"1722","LBT","Law Blocks"
"1723","XRPAYNET","XRPayNet"
"1724","PLI","Plugin"
"1725","WAN","Wanchain"
"1726","WWAN","Wrapped Wan"
"1727","WANUSDT","wanUSDT"
"1728","WANUSDC","wanUSDC"
"1729","WANETH","wanETH"
"1730","WANBTC","wanBTC"
"1731","WANXRP","wanXRP"
"1732","WANAVAX","wanAVAX"
"1733","GBEX","Globiance Exchange"
"1734","PDEX","Polkadex"
"1735","CODE","Developer DAO"
"1736","WCFX","Wrapped Conflux"
"1737","GS","GammaSwap"
"1738","BOND","BarnBridge"
"1739","PURSE","Pundi X PURSE"
"1740","VITE","Vite"
"1741","WNXM","Wrapped NXM"
"1742","AE","Aeternity"
"1743","WATERFALL","Waterfall Finance"
"1744","MONEYRAIN","Moneyrain Finance"
"1745","MYMINE","MyMine"
"1746","GEMMINE","GemMine"
"1747","LFW","Legends of Fantasy War"
"1748","VDL","Vidulum"
"1749","BIST","Bistroo"
"1750","HIT","HitBTC Token"
"1751","NFTI","NFT Index"
"1752","GTAI","GT Protocol"
"1753","MEOW","MEOW"
"1754","SWELL","Swell"
"1755","FB","Fractal Bitcoin"
"1756","RCH","RCH Token"
"1757","G3","GAM3S.GG"
"1758","MONAI","Monai"
"1759","FSN","FUSION"
"1760","VINU","Vita Inu"
"1761","IAZUKI","IAzuki"
"1762","IMAYC","IMAYC"
"1763","IDOODLES","IDOODLES"
"1764","EST","Erica Social Token"
"1765","DOGE2","Dogecoin 2.0"
"1766","CLAM","Otter Clam"
"1767","GTP","GT-Protocol"
"1768","MCADE","Metacade"
"1769","REVV","REVV"
"1770","SOULS","The Unfettered Souls"
"1771","BPC","Brave Power Crystal"
"1772","AVG","Avocado DAO"
"1773","OVR","Ovr"
"1774","AG","Aradenean Gold"
"1775","HAPI","HAPI"
"1776","WALLET","Ambire Wallet"
"1777","PART","Particl"
"1778","SWIV","Swivel Governance"
"1779","VOLT","Volt Protocol"
"1780","RSPT","Rari Stable Pool Token"
"1781","FLEX","FLEX Coin"
"1782","SOHM","Staked Olympus"
"1783","WSOHM","Wrapped Staked Olympus"
"1784","HFT","Hashflow"
"1785","FORT","Forta"
"1786","PSP","ParaSwap"
"1787","BXX","Baanx"
"1788","TROLL","Troll"
"1789","X3TA","XETA"
"1790","MBET","MetaBET"
"1791","SGB","Songbird"
"1792","WFLR","Wrapped Flare"
"1793","WSGB","Wrapped Songbird"
"1794","CULT","Cult DAO"
"1795","RVLT","Revolt 2 Earn"
"1796","DACXI","Dacxi"
"1797","RF","ReactorFusion"
"1798","DEO","Player 2"
"1799","HER","Herity Network"
"1800","$SPIN","Spin Fi"
"1801","INTL","Intelly"
"1802","AEDY","Arch Ethereum Div. Yield"
"1803","ADDY","Arch USD Div. Yield"
"1804","ABAL","Arch Balanced Portfolio"
"1805","AAGG","Arch Aggressive Portfolio"
"1806","NEARX","Stader NearX"
"1807","BPRO","B.Protocol"
"1808","AMPLUNA","Eris Amplified Luna"
"1809","PILOT","Unipilot"
"1810","PLX","PLEXUS"
"1811","GRS","Groestlcoin"
"1812","HEGIC","Hegic"
"1813","DNT","district0x"
"1814","SPARTA","SpartaDEX"
"1815","BTR","Bitrue Coin"
"1816","BCB","Blockchain Bets"
"1817","PRGD","Prosperity Gold"
"1818","BCA","Bitcoiva"
"1819","VFT","Value Finance"
"1820","SRO","Shopperoo"
"1821","BTCD","Bitdollars"
"1822","0xBTC","0xBitcoin"
"1823","VICS","RoboFi Token"
"1824","VD","VinDax Coin"
"1825","GTF","GLOBALTRUSTFUND TOKEN"
"1826","LET","Linkeye"
"1827","ABG","Abitcoingold coin"
"1828","RING","Darwinia Network Native Token"
"1829","KTON","Darwinia Commitment Token"
"1830","CRING","Darwinia Crab Network Native Token"
"1831","VX","ViteX Coin"
"1832","PDRY","Pandroyty Token"
"1833","DCD","Digital Currency Daily"
"1834","BTCP","Bitcoin Private"
"1835","BUMBA","BumbaCoin"
"1836","BCD","Bitcoin Diamond"
"1837","GIO","Graviocoin"
"1838","MINEX","Minex"
"1839","ACP","AnarchistsPrime"
"1840","SICX","Staked ICX"
"1841","IUSDC","Icon USDC"
"1842","WGLMR","Wrapped Moonbeam"
"1843","XCDOT","xcDOT"
"1844","XCUSDT","xcUSDT"
"1845","LGCY","LGCY Network"
"1846","XLAB","XCELTOKEN PLUS"
"1847","KSP","KlaySwap Protocol"
"1848","CUDOS","Cudos"
"1849","MRS","Metars Genesis"
"1850","KARRAT","Karrat"
"1851","ORAI","Oraichain"
"1852","WROSE","Wrapped Rose"
"1853","KNCL","Kyber Network Crystal Legacy"
"1854","AKUMA","Akuma Inu"
"1855","WIOTX","Wrapped IoTex"
"1856","CIOTX","Crosschain IOTX"
"1857","AST","AirSwap"
"1858","USDT0","USDT0"
"1859","SEIYAN","SEIYAN"
"1860","ALB","Alien Base"
"1861","YOU","Youves YOU Governance"
"1862","TKN","Monolith"
"1863","NORMIE","NORMIE"
"1864","BBS","BBS Network"
"1865","ANKRETH","Ankr Staked ETH"
"1866","AETHB","Ankr Reward-Earning Staked ETH"
"1867","AAVAXB","Ankr Avalanche Reward Earning Bond"
"1868","ABNBC","Ankr Reward Bearing Stake BNB"
"1869","ADOTB","ANKR Reward Earning DOT"
"1870","AKSMB","ANKR Reward Earning KSM"
"1871","ANKRFTM","Ankr Staked FTM"
"1872","AFTMB","ANKR Reward Earning FTM"
"1873","ABNBB","ANKR Reward Earning BNB"
"1874","AAVAXC","Ankr Reward Bearing AVAX"
"1875","AMATICB","Ankr MATIC Reward Earning Bond"
"1876","ANKRAVAX","Ankr Staked AVAX"
"1877","ANKRMATIC","Ankr Staked MATIC"
"1878","DEXT","DexTools"
"1879","SIDUS","Sidus"
"1880","XCP","Counterparty"
"1881","AI","Any Inu"
"1882","XOR","Sora"
"1883","KWENTA","Kwenta"
"1884","DHT","dHEDGE DAO"
"1885","DTOP","dHEDGE Top Index"
"1886","DUSD","dHEDGE Stablecoin Yield"
"1887","DSNX","SNX Debt Mirror"
"1888","WTBT","wTBT"
"1889","TBT","Rebasing TBT"
"1890","VLK","Vulkania [OLD]"
"1891","OPX","OPX Finance"
"1892","SOMM","Sommelier"
"1893","GNT","Golem"
"1894","FOXD","Foxdcoin"
"1895","CLO","Callisto Network"
"1896","GPCX","Good Person Coin"
"1897","TITA","Titan Hunters"
"1898","POLYDOGE","PolyDoge"
"1899","PDSHARE","PDSHARE"
"1900","PDD","PDDOLLAR"
"1901","KRL","KRYLL"
"1902","CHO","Choise"
"1903","LITH","Lithium Finance"
"1904","CCX","Conceal"
"1905","WCCX","Wrapped Conceal"
"1906","APEAMC","AMC Entertainment Preferred Tokenized Stock on FTX"
"1907","WBDC","BullDoge Chain"
"1908","DXC","Dex-Trade Coin"
"1909","FLEXUSD","flexUSD"
"1910","EROWAN","Sifchain"
"1911","HE","Heroes & Empires"
"1912","TTN","Titan Coin"
"1913","VRO","VeraOne"
"1914","EML","EML Protocol"
"1915","PTRUMP","Pepe Trump"
"1916","WWSHIB","Wrapped WWSHIB"
"1917","YVAULT-LP-YCURVE","yUSD"
"1918","YVE-CRVDAO","veCRV-DAO yVault"
"1919","YVBOOST","Yearn Compounding veCRV yVault"
"1920","SOYFI","Wrapped YFI (Sollet)"
"1921","YCRV","Yearn CRV"
"1922","ST-YCRV","Staked Yearn CRV Vault"
"1923","LP-YCRV","LP Yearn CRV Vault"
"1924","YVDAI","yvDAI"
"1925","YVUSDC","USDC yVault"
"1926","YVUSDT","USDT yVault"
"1927","YVUNI","UNI yVault"
"1928","YVYFI","YFI yVault"
"1929","YVCOMP","COMP yVault"
"1930","YVAAVE","Aave yVault"
"1931","YVLUSD","LUSD yVault"
"1932","YVSUSHI","SUSHI yVault"
"1933","YVWETH","WETH yVault"
"1934","YVRAI","RAI yVault"
"1935","YVWBTC","WBTC yVault"
"1936","YV1INCH","1INCH yVault"
"1937","YVTUSD","TUSD yVault"
"1938","YVSUSD","sUSD yVault"
"1939","YVHEGIC","HEGIC yVault"
"1940","YVSNX","SNX yVault"
"1941","YVLINK","LINK yVault"
"1942","YETH","Yearn Ether"
"1943","FERA","Fera"
"1944","BSKT","BasketCoin"
"1945","GOZ","Göztepe S.K. Fan Token"
"1946","LEG","Legia Warsaw Fan Token"
"1947","UCH","Universidad de Chile Fan Token"
"1948","FOR","Fortuna Sittard Fan Token"
"1949","SECO","Serum Ecosystem"
"1950","PSY","PsyOptions"
"1951","SLND","Solend"
"1952","BBW","BabyWhale"
"1953","SVT","Solvent"
"1954","STAKE","STAKE"
"1955","XDAI","XDAI"
"1956","XTAG","xHashtag"
"1957","XUSD","XUSD (BabelFish)"
"1958","BLZ","Bluzelle"
"1959","MINI","mini"
"1960","NEW","Newton Project"
"1961","AMB","AirDAO"
"1962","WAXE","WAXE"
"1963","CA","Coupon Assets"
"1964","LAKE","Data Lake"
"1965","L3","Layer3"
"1966","APX","APX"
"1967","BBC","Babacoin"
"1968","CLY","Colony"
"1969","OPTI","Optimus AI"
"1970","BYTE","Byte"
"1971","BEFE","BEFE"
"1972","HBD","Hive Dollar"
"1973","MAXI","Maximus Token"
"1974","BASE","Maximus BASE"
"1975","LUCKY","Maximus LUCKY"
"1976","TRIO","Maximus TRIO"
"1977","DECI","Maximus DECI"
"1978","TEAM","Maximus TEAM"
"1979","DUO","Monopoly Layer2 DUO"
"1980","APEX","ApeX"
"1981","HOOK","Hooked Protocol"
"1982","TRIBL","Tribal Token"
"1983","MAV","Maverick Protocol"
"1984","SRX","StorX"
"1985","LMR","Lumerin"
"1986","BLD","Agoric"
"1987","UM","Penumbra"
"1988","OAX","OAX"
"1989","NBT","NanoByte"
"1990","DEVL","Devil Token"
"1991","ALTER","Alter"
"1992","FLP","Gameflip"
"1993","TUBE2","TUBE2"
"1994","SPORK","SporkDAO"
"1995","FHM","Fantohm"
"1996","DGLN","Dogelana"
"1997","NFTY","NFTY Token"
"1998","SAFU","StaySAFU"
"1999","JUSTICE","AssangeDAO"
"2000","POOCH","Pooch"
"2001","EJS","Enjinstarter"
"2002","JUNGLE","Jungle Token"
"2003","SALE","DxSale Network"
"2004","CTOK","Codyfight"
"2005","QUA","Quasacoin"
"2006","DRAW","Dragon War"
"2007","ERA","The Alliance of Eragard"
"2008","KMON","Kryptomon"
"2009","TKNFY","Tokenfy"
"2010","1ST","FirstBlood"
"2011","YON","YESorNO"
"2012","PINK","PINK PANTHER"
"2013","KRIDA","Krida Fans"
"2014","EGOH","EGOH Finance"
"2015","BWRX","Wrapped WRX"
"2016","UNBNK","Unbanked"
"2017","HODL","HODL"
"2018","AGOV","Answer Governance"
"2019","HECATE","Hecate Capital"
"2020","ZION","Zion"
"2021","JOON","JOON"
"2022","SOLAR","Solar"
"2023","SEFI","SEFI"
"2024","B21","B21"
"2025","PAF","Pacific"
"2026","XGEM","Exchange Genesis Ethlas Medium"
"2027","INCNT","Incent"
"2028","KDC","Fandom Chain"
"2029","UNIV","Universe"
"2030","LYM","Lympo"
"2031","LMT","Lympo Market Token"
"2032","SDOGE","Sincere Doge"
"2033","CSMS","Cosmostarter"
"2034","JUNO","JUNO"
"2035","GENART","GENART"
"2036","BNV","BunnyVerse"
"2037","NINTI","Nintia Estate"
"2038","FWB","Friends With Benefits Pro"
"2039","EXO","Exohood"
"2040","DFSM","DFS MAFIA"
"2041","WSIENNA","Sienna [ERC-20]"
"2042","SIENNA","Sienna"
"2043","ZYX","ZYX"
"2044","MYL","My Lotto Coin"
"2045","XP","PolkaFantasy"
"2046","NEKO","The Neko"
"2047","BUTT","Buttcoin"
"2048","$CRDN","Cardence"
"2049","KOM","Kommunitas"
"2050","MHG","Meta Hangry Games"
"2051","TRTLS","Turtles Token"
"2052","ATBFIG","Financial Intelligence Group Token"
"2053","INKZ","INKzToken"
"2054","NINJA","NinjaSwap"
"2055","LAC","LaCucina"
"2056","THC","Transhuman Coin"
"2057","BREWLABS","Brewlabs"
"2058","HY","Hybrix"
"2059","ECO","EcoFi"
"2060","VGA","Vegaswap"
"2061","METTI","Metti Inu"
"2062","WIRE","AirWire"
"2063","BLOCKS","BLOCKS"
"2064","DYNAMO","Dynamo Coin"
"2065","STT","StarTerra"
"2066","FUEL","Jetfuel Finance"
"2067","GFCE","GFORCE"
"2068","FTS","Fortress Loans"
"2069","WINGS","JetSwap Token"
"2070","MEM","Memecoin"
"2071","BRAND","BrandPad Finance"
"2072","EINSTEIN","Polkadog V2.0"
"2073","NASADOGE","Nasa Doge"
"2074","COMBO","Furucombo"
"2075","EMO","Emocoin"
"2076","TYC","Tycoon"
"2077","ATA","Automata"
"2078","KOIN","Koinos"
"2079","DOBO","DogeBonk"
"2080","UBX","UBIX Network"
"2081","UBSN","Silent Notary"
"2082","DANA","Ardana"
"2083","BTCA","Bitcoin Asia"
"2084","XHDX","HydraDX"
"2085","LOVE","Diamond Love"
"2086","XRDOGE","XRdoge"
"2087","ANYP","AnyPrinter"
"2088","DHOLD","DeFi Holdings"
"2089","MOWA","Moniwar"
"2090","DFT","DigiFinexToken"
"2091","KODI","KODI"
"2092","RENBCH","renBCH"
"2093","RENZEC","renZEC"
"2094","RENFIL","renFIL"
"2095","RENDOGE","renDOGE"
"2096","ZKP","Panther Protocol"
"2097","UGAS-JAN21","uLABS synthetic Gas Futures Token"
"2098","BCHNRBTC-JAN-202","BCHNrBTC Synthetic Token Expiring 5 January 2021"
"2099","YD-BTC-MAR21","YD-BTC-MAR21"
"2100","MARIO-CASH-JAN-2","Mario Cash Synthetic Token Expiring 15 January 2021"
"2101","UUSDRBTC-OCT","uUSDrBTC Synthetic Token Expiring 1 October 2020"
"2102","UUSDRBTC-DEC","uUSDrBTC Synthetic Token Expiring 31 December 2020"
"2103","YUSD-OCT20","yUSD Synthetic Token Expiring 1 October 2020"
"2104","UUSDWETH-DEC","uUSDwETH Synthetic Token Expiring 31 December 2020"
"2105","YD-ETH-MAR21","YD-ETH-MAR21"
"2106","YUSD-SEP20","yUSD Synthetic Token Expiring 1 September 2020"
"2107","YD-ETH-JUN21","YD-ETH-JUN21"
"2108","YD-BTC-JUN21","YD-BTC-JUN21"
"2109","XSUSHI","xSUSHI"
"2110","GRIFFAIN","GRIFFAIN"
"2111","SHRUB","Shrub"
"2112","XKI","KI"
"2113","EETH","ether.fi Staked ETH"
"2114","BEN","Ben"
"2115","LVL","Level"
"2116","BLUES","Blueshift"
"2117","SHRAP","Shrapnel"
"2118","SILV","Escrowed Illuvium"
"2119","SILV2","Escrowed Illuvium 2"
"2120","SDAO","SingularityDAO"
"2121","HASHAI","HashAI"
"2122","BLENDR","Blendr Network"
"2123","PALM","PaLM AI"
"2124","AQTIS","AQTIS"
"2125","LONIA","Cardalonia"
"2126","OKT","OKT Chain"
"2127","PNB","Pink BNB"
"2128","ARIX","Arix"
"2129","LGBTQ","Pride"
"2130","HOD","HoDooi.com"
"2131","JESUS","JesusCoin"
"2132","NFTB","NFTb"
"2133","MONG","MongCoin"
"2134","ULX","ULTRON"
"2135","MURATIAI","MuratiAI"
"2136","CAL","FitBurn"
"2137","AFINS","altFINS"
"2138","EPM","Extreme Private Masternode"
"2139","DRAGONKING","DragonKing"
"2140","NAMI","Nami Corporation"
"2141","CZF","CZFarm"
"2142","CZUSD","CZUSD"
"2143","CZR","CZRed"
"2144","JERRY","Jerry Inu"
"2145","QUACK","Rich Quack"
"2146","BUBO","Budbo"
"2147","GAMMA","Gamma Strategies"
"2148","FCF","French Connection Finance"
"2149","VGT","Vault Guardian Token"
"2150","CHAI","CharacterAI"
"2151","OPV","OpenLive NFT"
"2152","CAVO","Excavo Finance"
"2153","AIN","AI Network"
"2154","WORM","Deep Worm"
"2155","WSYS","Wrapped Syscoin"
"2156","CLS","Coldstack"
"2157","KAR","Karura"
"2158","LKSM","Liquid KSM"
"2159","LCDOT","Liquid Crowdloan DOT"
"2160","LDOT","Liquid Staking Dot"
"2161","ASEED","aUSD SEED (Acala)"
"2162","CHAIN","Chain Games"
"2163","DAM","Datamine"
"2164","BOO","Spookyswap"
"2165","TKO","Tokocrypto"
"2166","MORE","Stack"
"2167","UNFI","Unifi Protocol DAO"
"2168","DYP","Dypius"
"2169","IDYP","iDypius"
"2170","GOLDX","dForce GOLDx"
"2171","XBTC","dForce BTC"
"2172","XETH","dForce ETH"
"2173","EUX","dForce EUR"
"2174","NUT","Nucleon"
"2175","XCFX","Nucleon xCFX"
"2176","PPI","Swappi"
"2177","GOL","Goledo"
"2178","TCNH","TrueCNH"
"2179","DJED","Djed"
"2180","DMC","Datamall Coin"
"2181","TALK","Talken"
"2182","BAG","Bag"
"2183","WCKB","Wrapped CKB"
"2184","DROP","DROP"
"2185","OORT","OORT"
"2186","STEP","Step Finance"
"2187","MVP","MAGA VP"
"2188","PXS","Pundi X [OLD]"
"2189","NPXSXEM","Pundi X NEM"
"2190","CAT","Simon's Cat"
"2191","TGT","THORWallet DEX"
"2192","RSV","Reserve"
"2193","EUSD","Electronic USD"
"2194","LTO","LTO Network"
"2195","WING","Wing Finance"
"2196","ALPINE","Alpine F1 Team Fan Token"
"2197","DAD","DAD"
"2198","DEVVE","DevvE"
"2199","SDEX","SMARDEX"
"2200","XMD","Metal Dollar"
"2201","XDN","DigitalNote"
"2202","POLIS","Star Atlas DAO"
"2203","WOMI","Wrapped ECOMI"
"2204","FTR","Future"
"2205","DFX","DFX Finance"
"2206","BART","BarterTrade"
"2207","MYST","Mysterium"
"2208","MLT","Media Licensing Token"
"2209","BNKR","BankrCoin"
"2210","A1C","Sally A1C"
"2211","XMW","Morphware"
"2212","HIPPO","sudeng"
"2213","MEMDEX","MEMDEX100"
"2214","MAN","Matrix AI Network"
"2215","BEPRO","Bepro"
"2216","TAP","Tapioca DAO Token"
"2217","WZRD","Bitcoin Wizards"
"2218","MUBI","Multibit"
"2219","MAX","MAX"
"2220","KRT","TerraKRW"
"2221","KRTC","TerraClassicKRW"
"2222","EUTC","TerraClassic EUT"
"2223","GBTC","TerraClassicGBT"
"2224","DKTC","TerraClassicDKT"
"2225","AUTC","TerraClassicAUT"
"2226","CATC","TerraClassicCAT"
"2227","CHTC","TerraClassicCHT"
"2228","SETC","TerraClassicSET"
"2229","PHTC","TerraClassicPHT"
"2230","SGTC","TerraClassicSGT"
"2231","CNTC","TerraClassicCNT"
"2232","HKTC","TerraClassicHKT"
"2233","INTC","TerraClassicINT"
"2234","JPTC","TerraClassicJPT"
"2235","THTC","TerraClassicTHT"
"2236","CDT","Blox"
"2237","MAGICGLP","MagicGLP"
"2238","EZETH","Renzo Restaked ETH"
"2239","JELLYJELLY","Jelly-My-Jelly"
"2240","STAR10","Ronaldinho Coin"
"2241","GEMINI","Gemini"
"2242","HOOD","Robinhood"
"2243","OGV","Origin DeFi Governance"
"2244","OETH","Origin Ether"
"2245","WOETH","Wrapped OETH"
"2246","LSD","L7DEX"
"2247","RETH","Rocket Pool ETH"
"2248","STSOL","Lido Staked SOL"
"2249","BLUNA","Bonded Luna"
"2250","STLUNA","Staked Luna"
"2251","STMATIC","Lido Staked Matic"
"2252","STDOT","Lido Staked Polkadot"
"2253","WSTKSM","Lido on Kusama"
"2254","SUSDE","Ethena Staked USDe"
"2255","PAWS","Paws"
"2256","AMO","AMO Coin"
"2257","FVM","Fantom Velocimeter"
"2258","EQUAL","Equalizer DEX"
"2259","NEADRAM","The Ennead"
"2260","OOKI","Ooki"
"2261","BYN","NBX"
"2262","VSTA","Vesta Finance"
"2263","VST","Vesta Stable"
"2264","RVST","Revest Finance"
"2265","DIGG","DIGG"
"2266","DTSLA","Tesla Tokenized Stock Defichain"
"2267","DAMZN","Amazon Tokenized Stock Defichain"
"2268","DQQQ","Invesco QQQ Trust Defichain"
"2269","DNFLX","Netflix Tokenized Stock Defichain"
"2270","DTLT","iShares 20+ Year Treasury Bond ETF Defichain"
"2271","DVOO","Vanguard S&P 500 ETF Tokenized Stock Defichain"
"2272","DEEM","iShares MSCI Emerging Markets ETF Defichain"
"2273","DSLV","iShares Silver Trust Defichain"
"2274","DURTH","iShares MSCI World ETF Tokenized Stock Defichain"
"2275","DAAPL","Apple Tokenized Stock Defichain"
"2276","DGLD","SPDR Gold Shares Defichain"
"2277","DVNQ","Vanguard Real Estate Tokenized Stock Defichain"
"2278","DBABA","Alibaba Tokenized Stock Defichain"
"2279","DGME","GameStop Tokenized Stock Defichain"
"2280","DNVDA","Nvidia Tokenized Stock Defichain"
"2281","DPLTR","Palantir Tokenized Stock Defichain"
"2282","DSPY","SPDR S&P 500 ETF Trust Defichain"
"2283","DPDBC","PDBC Defichain"
"2284","DCOIN","Coinbase Tokenized Stock Defichain"
"2285","DMSFT","Microsoft Tokenized Stock Defichain"
"2286","DGOOGL","Google Tokenized Stock Defichain"
"2287","DFB","Facebook Tokenized Stock Defichain"
"2288","DARKK","ARK Innovation ETF Defichain"
"2289","CAD","Cadence Protocol"
"2290","CNHT","CNH Tether"
"2291","USDTE","Tether Avalanche Bridged (USDT.e)"
"2292","CEUSDT","Tether USD - Celer"
"2293","MXNT","Mexican Peso Tether"
"2294","GBPT","British Pound Sterling Tether"
"2295","ZUSDT","Zilliqa-bridged USDT"
"2296","ZOA","Zotova"
"2297","GCBN","Gas Cash Back"
"2298","ASTRO","Astroport"
"2299","STARL","StarLink"
"2300","FACT","Fact0rn"
"2301","PUFF","Puff The Dragon"
"2302","ITG","iTrust Governance"
"2303","WEMIX$","WEMIX Dollar"
"2304","MIR","Mirror Protocol"
"2305","MUTE","Mute"
"2306","HYDRA","Hydra"
"2307","BRIDGE","Octus Bridge"
"2308","CORGIAI","CorgiAI"
"2309","WWEMIX","WWEMIX"
"2310","STWEMIX","Staked WEMIX"
"2311","WRFT","Wrapped REFLECT"
"2312","CCA","Counos Coin"
"2313","ENQ","Enecuum"
"2314","ENX","ENEX"
"2315","JUMP","Jump DeFi"
"2316","IPOR","IPOR"
"2317","$BULL","BULL Token"
"2318","$DAVE","Dave Coin"
"2319","SXS","SphereSXS"
"2320","BISO","BISO"
"2321","DXP","DexPad"
"2322","JEN","JEN COIN"
"2323","BONUZ","Bonuz"
"2324","NOOT","NOOT (Ordinals)"
"2325","GZONE","GameZone"
"2326","INCOME","Income Island"
"2327","IBANK","iBank"
"2328","BPX","Black Phoenix"
"2329","GENESIS","Genesis Worlds"
"2330","METADOGE","Meta Doge"
"2331","RMXT","Rematic EGC"
"2332","RMTX","RematicEGC"
"2333","CHER","Cherry Network"
"2334","UFF","United Farmers Finance"
"2335","GRAIN","Grain Token"
"2336","ZODI","Zodium"
"2337","TARAL","Tarality"
"2338","BEZOGE","Bezoge Earth"
"2339","ASIA","Asia Coin"
"2340","OGX","Organix"
"2341","MASKDOGE","MaskDoge"
"2342","ADABOY","ADABoy"
"2343","PCWS","PolyCrowns"
"2344","MTK","Metakings"
"2345","SONG","Beatify"
"2346","MOVD","MOVE Network"
"2347","SMLY","Smileycoin"
"2348","BABI","Babylons"
"2349","BYG","Black Eye Galaxy"
"2350","VPAD","VLaunch"
"2351","LBD","LittleBabyDoge"
"2352","NAUSICAA","Nausicaa-Inu"
"2353","YF-DAI","YfDAI.finance"
"2354","SSGT","Safeswap"
"2355","SSGTX","Safeswap SSGTX"
"2356","XTRA","Xtra Fund"
"2357","WAIF","Waifu Token"
"2358","MONI","Monsta Infinite"
"2359","DAL","DAOLaunch"
"2360","XTM","Torum"
"2361","SATT","SaTT"
"2362","SON","SONofSHIB"
"2363","DGM","DegemV2"
"2364","CBX","CropBytes"
"2365","YFU","yfu.finance"
"2366","TERN","Ternio"
"2367","GP","Wizards And Dragons"
"2368","KFR","KING FOREVER"
"2369","LKT","Locklet"
"2370","CNS","Centric Swap"
"2371","BMON","Binamon"
"2372","VRFY","Verify Token"
"2373","LMN","Lemon"
"2374","AMC","Amnext"
"2375","SRWD","ShibRWD"
"2376","KOROMARU","KOROMARU"
"2377","SHFT","Shyft Network"
"2378","NIM","Nimiq"
"2379","LL","LightLink"
"2380","ION","Ion"
"2381","$AQUA","AquaDAO"
"2382","AXLUSDC","Axelar USDC"
"2383","AXLWETH","axlWETH"
"2384","AXLWBTC","axlWBTC"
"2385","DEC","Decentr"
"2386","UUSDT","Unagii Tether USD"
"2387","UUSDC","Unagii USD Coin"
"2388","UDAI","Unagii Dai"
"2389","UWBTC","Unagii Wrapped Bitcoin"
"2390","UETH","Unagii ETH"
"2391","CNTO","Ciento Exchange"
"2392","STATOM","Stride Staked Atom"
"2393","$STLUNA","Stride Staked Luna"
"2394","GOLD","CyberDragon Gold"
"2395","YES","YES Money"
"2396","COOKIE","Cookie"
"2397","FREE","FreeRossDAO"
"2398","WEVER","Wrapped Ever"
"2399","WASTR","Wrapped Astar"
"2400","$XCASTR","Astar (Moonbeam)"
"2401","MOVEZ","MoveZ"
"2402","EVMOS","Evmos"
"2403","AZUKI","Azuki"
"2404","EPICHERO","EpicHero"
"2405","BONDLY","Forj"
"2406","DFH","DeFiHorse"
"2407","RR","DeFiHorse Rocket Race"
"2408","ALK","Alkemi Network DAO"
"2409","MU","Muverse"
"2410","GRAI","Grai"
"2411","AURABAL","Aura BAL"
"2412","CASTLE","bitcastle"
"2413","OT-CDAI-29DEC202","OT Compound Dai"
"2414","OT-AUSDC-29DEC20","OT Aave Interest Bearing USDC"
"2415","OT-PE-29DEC2022","OT-PENDLE/ETH"
"2416","OT-ETHUSDC-29DEC","OT-ETH/USDC"
"2417","TADA","Ta-da"
"2418","MEDX","MediBloc [ERC20]"
"2419","PNT","pNetwork"
"2420","PBTC","pTokens BTC"
"2421","X2Y2","X2Y2"
"2422","IXS","IX Swap"
"2423","BOSON","Boson Protocol"
"2424","SMT","Swarm Markets"
"2425","POP","Popcorn"
"2426","PLASTIK","Plastiks"
"2427","DXCAD","dXCAD"
"2428","PLAY","XCAD Network PLAY"
"2429","1PECO","1peco"
"2430","ARMY","XRP ARMY"
"2431","PHNIX","PHNIX"
"2432","NFTX","NFTX"
"2433","PUNK-BASIC","Punk Basic"
"2434","PUNK-FEMALE","Punk Female"
"2435","PUNK-ATTR-4","Punk Attr 4"
"2436","PUNK-ATTR-5","Punk Attr 5"
"2437","PUNK-ZOMBIE","Punk Zombie"
"2438","AVASTR","AVASTR Vault (NFTX)"
"2439","COOL","COOL Vault (NFTX)"
"2440","BAYC","BAYC Vault (NFTX)"
"2441","KITTY","KITTY Vault (NFTX)"
"2442","BERRY","BERRY Vault (NFTX)"
"2443","FACE","FACE Vault (NFTX)"
"2444","HYPER","HYPER Vault (NFTX)"
"2445","MINUTE","MINUTE Vault (NFTX)"
"2446","PATH","PATH Vault (NFTX)"
"2447","WAIFU","WAIFU Vault (NFTX)"
"2448","BGAN","BGAN Vault (NFTX)"
"2449","BUNNY","BUNNY Vault (NFTX)"
"2450","BONSAI","BONSAI Vault (NFTX)"
"2451","CARD","CARD Vault (NFTX)"
"2452","MOONCAT","MOONCAT Vault (NFTX)"
"2453","GLYPH","GLYPH Vault (NFTX)"
"2454","MEEB","MEEB Vault (NFTX)"
"2455","SQGL","SQGL Vault (NFTX)"
"2456","BAKC","BAKC Vault (NFTX)"
"2457","ENERGY","ENERGY Vault (NFTX)"
"2458","RINGER","RINGER Vault (NFTX)"
"2459","MANEKI","MANEKI Vault (NFTX)"
"2460","SPUNK","SPUNK Vault (NFTX)"
"2461","PASTA","PASTA Vault (NFTX)"
"2462","PUPS","PUPS Vault (NFTX)"
"2463","TOSHIMON","TOSHIMON Vault (NFTX)"
"2464","SODIUM","SODIUM Vault (NFTX)"
"2465","CNHPD","Chainlink NFT Vault (NFTX)"
"2466","PHUNK","PHUNK Vault (NFTX)"
"2467","HDPUNK","HDPUNK Vault (NFTX)"
"2468","KONGZ","KONGZ Vault (NFTX)"
"2469","MORPH","MORPH Vault (NFTX)"
"2470","WIZARD","WIZARD Vault (NFTX)"
"2471","COLLECTIVE","COLLECTIVE Vault (NFTX)"
"2472","KAMAX","KAMAX Vault (NFTX)"
"2473","TOPDOG","TOPDOG Vault (NFTX)"
"2474","DFNORM","DFNORM Vault (NFTX)"
"2475","CLOCK","CLOCK Vault (NFTX)"
"2476","CITIES","CITIES Vault (NFTX)"
"2477","LONDON","LONDON Vault (NFTX)"
"2478","MILADY","Milady Vault (NFTX)"
"2479","MAYC","MAYC Vault (NFTX)"
"2480","SBD","Steem Dollars"
"2481","VFIL","Venus FIL"
"2482","VBTC","Venus BTC"
"2483","VBETH","Venus BETH"
"2484","VBCH","Venus BCH"
"2485","VDAI","Venus DAI"
"2486","VLINK","Venus LINK"
"2487","VLTC","Venus LTC"
"2488","VXRP","Venus XRP"
"2489","VUSDT","Venus USDT"
"2490","VDOT","Venus DOT"
"2491","VSXP","Venus SXP"
"2492","VXVS","Venus XVS"
"2493","VDOGE","Venus DOGE"
"2494","VRT","Venus Reward"
"2495","TEMA","Tema"
"2496","FOFAR","FoFar"
"2497","SUNCAT","Suncat"
"2498","SLN","Smart Layer Network"
"2499","AART","ALL.ART"
"2500","MET","Metronome"
"2501","DIVX","Divi Exchange Token"
"2502","SN","SpaceN"
"2503","FLX","Flux Protocol"
"2504","MIX","MixMarvel"
"2505","INSP","Inspect"
"2506","PACK","HashPack"
"2507","UFD","Unicorn Fart Dust"
"2508","TRUMPIUS","Trumpius Maximus"
"2509","AETHER","aether collective"
"2510","SPORE","Spore"
"2511","KIKI","KIKICat"
"2512","MVRS","Magaverse"
"2513","DYOR","DYOR LABS"
"2514","SSE","Solana Social Explorer"
"2515","JAILSTOOL","Stool Prisondente"
"2516","MBX","MARBLEX"
"2517","ELIZA","Eliza"
"2518","PUFFER","Puffer"
"2519","XCKSM","xcKSM"
"2520","BULLS","BULLS"
"2521","NHBTC","nHBTC"
"2522","HAI","Hacken"
"2523","KAON","Kaon"
"2524","EMAID","MaidSafeCoin"
"2525","TDOGE","τDoge"
"2526","WATER","WATER Coin"
"2527","R","Ryder System"
"2528","DRIP","Drip Network"
"2529","PIGS","PIGS [OLD]"
"2530","AFP","PIGS"
"2531","BST","Blocksquare"
"2532","BEAN","Bean"
"2533","SEUR","sEUR"
"2534","SET","Stabilize SET"
"2535","SETH","sETH"
"2536","IBTC","iBTC"
"2537","IETH","iETH"
"2538","SDEFI","sDEFI"
"2539","SXAU","sXAU"
"2540","SLINK","sLINK"
"2541","SBNB","sBNB"
"2542","SADA","sADA"
"2543","SXAG","sXAG"
"2544","SXMR","sXMR"
"2545","SAUD","sAUD"
"2546","SEOS","sEOS"
"2547","SXRP","sXRP"
"2548","SXTZ","sXTZ"
"2549","SBCH","sBCH"
"2550","IXMR","iXMR"
"2551","SDASH","sDASH"
"2552","IXRP","iXRP"
"2553","SCEX","sCEX"
"2554","ICEX","iCEX"
"2555","IDEFI","iDeFi"
"2556","IXTZ","iXTZ"
"2557","ILINK","iLINK"
"2558","SLTC","sLTC"
"2559","IBNB","iBNB"
"2560","IADA","iADA"
"2561","IEOS","iEOS"
"2562","IBCH","iBCH"
"2563","SOIL","Synth sOIL"
"2564","SAAVE","sAAVE"
"2565","STSLA","sTSLA"
"2566","SRUNE","sRUNE"
"2567","S1INCH","s1INCH"
"2568","SGOOG","sGOOG"
"2569","SAMZN","sAMZN"
"2570","SFB","sFB"
"2571","SNFLX","sNFLX"
"2572","SCRV","sCRV"
"2573","SDOT","sDOT"
"2574","SUNI","sUniswap"
"2575","SREN","sREN"
"2576","SCOMP","sCOMP"
"2577","WVET","Wrapped VeChain"
"2578","VEUSD","VeUSD"
"2579","$NAP","SNAP"
"2580","PNK","Kleros"
"2581","SEAL","Seal"
"2582","CB","Cheeseball"
"2583","$SMH","Spacemesh"
"2584","STNEAR","Staked NEAR"
"2585","STAUR","Staked Aurora"
"2586","FITFI","Step App"
"2587","GARI","Gari Network"
"2588","BAMA","BabyAMA"
"2589","SOSO","SoSoValue"
"2590","EL","ELYSIA"
"2591","LM","LeisureMeta"
"2592","TTV","TV-TWO"
"2593","RBLX","Rublix"
"2594","BOLD","Liquity BOLD"
"2595","LUSD3CRV","LUSD3CRV-f"
"2596","UFT","UniLend Finance"
"2597","FRED","First Convicted RACCON"
"2598","XSHARE","SpaceShipX"
"2599","AMLP","aMLP"
"2600","AMMF","aMMF"
"2601","XSHIP","XSHIP"
"2602","AUSDC","SpaceShipX aUSDC"
"2603","XMATIC","xMATIC"
"2604","STRUMP","Super Trump"
"2605","NAKA","Nakamoto Games"
"2606","BBL","Beoble"
"2607","PYTHIA","PYTHIA"
"2608","$URO","Urolithin A"
"2609","FROG","Frodo the Virtual Samurai"
"2610","TERMINUS","Terminus"
"2611","MAP","MAP Protocol"
"2612","MAUSDC","Matic Aave Interest Bearing USDC"
"2613","MAUSDT","Matic Aave Interest Bearing USDT"
"2614","MAAAVE","Matic Aave Interest Bearing AAVE"
"2615","MAYFI","Matic Aave Interest Bearing YFI"
"2616","MAUNI","Matic Aave Interest Bearing UNI"
"2617","MATUSD","Matic Aave interest bearing TUSD"
"2618","MALINK","Matic Aave Interest Bearing LINK"
"2619","MADAI","Matic Aave Interest Bearing DAI"
"2620","MAWETH","Matic Aave Interest Bearing WETH"
"2621","KEK","Aavegotchi KEK"
"2622","WCFG","Wrapped Centrifuge"
"2623","KMD","Komodo"
"2624","GROW","ValleyDAO"
"2625","ORACLE","OracleSwap"
"2626","PEAK","Peak Finance"
"2627","ELON4AFD","Elon4AfD"
"2628","ANJ","Aragon Court"
"2629","WHOO","Wrapped HOO"
"2630","LOOMOLD","Loom Network (OLD)"
"2631","WTLOS","Wrapped Telos"
"2632","LIKE","Only1"
"2633","SKLAY","sKLAY"
"2634","OUSDT","Orbit Bridge Klaytn USD Tether"
"2635","OUSDC","Orbit Bridge Klaytn USDC"
"2636","OMATIC","Orbit Bridge Klaytn MATIC"
"2637","OBNB","Orbit Bridge Klaytn Binance Coin"
"2638","OXRP","Orbit Bridge Klaytn Ripple"
"2639","OWBTC","Orbit Bridge Klaytn Wrapped BTC"
"2640","OBELT","Orbit Bridge Klaytn BELT"
"2641","OHANDY","Orbit Bridge Klaytn Handy"
"2642","OORC","Orbit Bridge Klaytn Orbit Chain"
"2643","KFI","Klever Finance"
"2644","BOTTO","Botto"
"2645","BTU","BTU Protocol"
"2646","SNC","SunContract"
"2647","FU","FU Money"
"2648","ROND","ROND"
"2649","SOCCER","Bakery Soccer Ball"
"2650","POKER","Poker"
"2651","WAMPL","Wrapped Ampleforth"
"2652","SPOT","Spot"
"2653","WEETH","Wrapped eETH"
"2654","WCORE","Wrapped CORE"
"2655","SCORE","Staked CORE"
"2656","TOMOE","TomoChain ERC-20"
"2657","BOUNTY","ChainBounty"
"2658","BOW","Archerswap BOW"
"2659","LEVER","LeverFi"
"2660","CHT","CyberHarbor"
"2661","BB-A-USD","Balancer Boosted Aave USD"
"2662","BB-A-USDC","Balancer Boosted Aave USDC"
"2663","BB-A-USDT","Balancer Boosted Aave USDT"
"2664","BB-A-DAI","Balancer Boosted Aave DAI"
"2665","B-80BAL-20WETH","Balancer 80 BAL 20 WETH"
"2666","20WETH-80BAL","20WETH-80BAL"
"2667","BB-A-WETH","Balancer Aave v3 Boosted Pool (WETH)"
"2668","MATICX-BB-A-WMAT","Balancer MaticX Boosted Aave WMATIC"
"2669","BB-A-WMATIC","Balancer Aave Boosted WMATIC"
"2670","VNDC","VNDC"
"2671","WCENNZ","Wrapped CENNZ"
"2672","CGT","Coin Gabbar Token"
"2673","LIBERO","Libero Financial"
"2674","LIBERA","Libera Financial"
"2675","HUSL","The HUSL"
"2676","HALO","Halo Coin"
"2677","KNG","Kanga Exchange"
"2678","PSDN","Poseidon"
"2679","PSDNOCEAN","Poseidon OCEAN"
"2680","ANALOS","analoS"
"2681","HIFI","Hifi Finance"
"2682","DOGK","Dagknight Dog"
"2683","WEPE","Wall Street Pepe"
"2684","PEP","Pepecoin"
"2685","EUT","Terra EUT"
"2686","GBT","Terra GBT"
"2687","DKT","Terra DKT"
"2688","AUT","Terra AUT"
"2689","PHT","Terra PHT"
"2690","SGT","Terra SGT"
"2691","CNT","Terra CNT"
"2692","HKT","Terra HKT"
"2693","INT","Terra INT"
"2694","JPT","Terra JPT"
"2695","THT","Terra THT"
"2696","COOK","mETH Protocol"
"2697","HLG","Holograph"
"2698","METH","Mantle Staked Ether"
"2699","LOFI","LOFI"
"2700","NAVI","Atlas Navi"
"2701","OS","Origin Sonic"
"2702","KAMA","Kamala Horris"
"2703","GEMS","Gems VIP"
"2704","MAJOR","Major Frog"
"2705","HAMMY","SAD HAMSTER"
"2706","D.O.G.E","Department Of Government Efficiency"
"2707","XDAO","XDAO"
"2708","REDO","Resistance Dog"
"2709","NEET","Not in Employment, Education, or Training"
"2710","HAWK","Hawk"
"2711","CRVT","Crypto Revolution"
"2712","AIBB","BullBear AI"
"2713","KING","Kingdomverse"
"2714","KRD","Krypton DAO"
"2715","DOGINME","doginme"
"2716","OWN","Otherworld"
"2717","USYC","Hashnote USYC"
"2718","NAVX","NAVI Protocol"
"2719","FLUID","Fluid"
"2720","47","TRUMP 47"
"2721","SKI","Ski Mask Dog"
"2722","SWITCH","Switch Token"
"2723","RS","ReadySwap"
"2724","C3","Charli3"
"2725","MOCHI","Mochi"
"2726","BTSE","BTSE Token"
"2727","DNA","Muhdo Hub"
"2728","RPG","Rangers Protocol Gas"
"2729","ZBC","Zebec Protocol"
"2730","ALOT","Dexalot"
"2731","GOUT","GOUT"
"2732","GEL","Gelato"
"2733","SOUL","Phantasma"
"2734","ROUTE","Router Protocol"
"2735","BZZ","Swarm"
"2736","JPEG","JPEG'd (OLD)"
"2737","NXRA","AllianceBlock Nexera"
"2738","GG","Reboot"
"2739","UBXS","UBXS"
"2740","SCF","Smoking Chicken Fish"
"2741","KEYCAT","Keyboard Cat (Base)"
"2742","ZYN","ZynCoin"
"2743","LMEOW","lmeow"
"2744","NRG","Energi"
"2745","WNRG","Wrapped Energi"
"2746","INF","Sanctum Infinity"
"2747","NATIX","NATIX Network"
"2748","BERT","Bertram The Pomeranian"
"2749","HAEDAL","Haedal Protocol"
"2750","CRPT","Crypterium"
"2751","NTRN","Neutron"
"2752","ZEUS","Zeus Network"
"2753","SHDW","Shadow Token"
"2754","RETARDIO","RETARDIO"
"2755","CATDOG","Cat-Dog"
"2756","SQR","Magic Square"
"2757","SHADOW","Shadow"
"2758","BGT","Berachain BGT"
"2759","GRIFT","ORBIT"
"2760","BUZZ","Hive AI"
"2761","MUSKIT","Musk It"
"2762","PIPPIN","pippin"
"2763","NDX","NDX6900"
"2764","STAKELAYER","StakeLayer"
"2765","HTM","Hatom"
"2766","METAL","Badmad Robots"
"2767","PAI","ParallelAI"
"2768","VISTA","Ethervista"
"2769","JEFF","Jeff"
"2770","FEG","FEED EVERY GORILLA"
"2771","WAT","Wat"
"2772","LAYERX","UnilayerX"
"2773","LAI","LayerAI"
"2774","BOTIFY","BOTIFY"
"2775","FREYA","Freya by Virtuals"
"2776","GUD","Gud Tech"
"2777","M3M3","M3M3"
"2778","KIP","KIP"
"2779","BUILD","BUILD"
"2780","NOVA","AI Shell NOVA"
"2781","THE1","The1"
"2782","YOUSIM","YouSim"
"2783","DAKU","Daku"
"2784","PDT","ParagonsDAO"
"2785","MIGGLES","Mister Miggles"
"2786","MAWBTC","Morpho-Aave Wrapped BTC"
"2787","MACRV","Morpho-Aave Curve DAO Token"
"2788","TPT","TokenPocket Token"
"2789","BLP","BullPerks"
"2790","SOLAMA","Solama"
"2791","PANDA","Panda Swap"
"2792","OPEN","Open Custody Protocol"
"2793","FHE","Mind Network"
"2794","RARI","RARI"
"2795","ZEX","Zeta"
"2796","USP","Platypus USD"
"2797","KLAUS","KLAUS"
"2798","BLISS","Bliss"
"2799","CATS","CATS"
"2800","KLIMA","KlimaDAO"
"2801","DMTR","Dimitra"
"2802","FFF","Financial Freedom Formula"
"2803","SYSL","YSL.IO"
"2804","YSL","YSL"
"2805","XYSL","xYSL"
"2806","BYSL","bYSL"
"2807","RUSD","Reservoir rUSD"
"2808","ROCKY","Rocky"
"2809","999","999"
"2810","SNSY","Sensay"
"2811","BTZ","Bitazza"
"2812","SHARE","Seigniorage Shares"
"2813","NOMNOM","nomnom"
"2814","BULLY","Dolos The Bully"
"2815","UDS","Undeads Games"
"2816","WVENOM","Wrapped VENOM"
"2817","MATT","MATT"
"2818","LKY","Luckycoin"
"2819","MAD","MAD"
"2820","SIGMA","Sigma"
"2821","SINGLE","Single Finance"
"2822","AUTOS","AutoSingle"
"2823","FCTR","FactorDAO"
"2824","LGO","Level Governance"
"2825","DCA","AutoDCA"
"2826","GND","GND Protocol"
"2827","GMUSD","gmUSD"
"2828","HAT","Joe Hat"
"2829","BTRFLY","Redacted Cartel [OLD]"
"2830","MCB","MUX Protocol"
"2831","IFARM","iFARM"
"2832","TIG","Tigris"
"2833","LEVI","LeverageInu"
"2834","YDF","Yieldification"
"2835","STRP","Strips Finance"
"2836","RBX","RabbitX"
"2837","EDE","El Dorado Exchange"
"2838","ARCHI","Archi Token"
"2839","DEG","Degis"
"2840","FLASH","Flashstake"
"2841","ANDY","ANDY ETH"
"2842","D2D","Prime"
"2843","PPT","Populous"
"2844","MUSIC","Music by Virtuals"
"2845","VADER","VaderAI by Virtuals"
"2846","TAOBOT","tao.bot"
"2847","MEDUSA","MEDUSA"
"2848","OISHII","Dog Food Token"
"2849","CATE","Cate on ETH"
"2850","TROG","Trog"
"2851","BAD","Bad Idea AI"
"2852","TYBG","Base God"
"2853","MILK","CashCow Protocol Milk"
"2854","GEAR","Gearbox"
"2855","CKP","Cakepie"
"2856","NIKO","NikolAI"
"2857","SOC","Socrates"
"2858","BUBBLE","Imaginary Ones"
"2859","BOT","Bounce [old]"
"2860","MFI","MetFi [OLD]"
"2861","NTGL","Entangle"
"2862","NGL","Gold Fever Native Gold"
"2863","FULLSEND","Fullsend Community Coin"
"2864","NEURON","Cerebrum DAO"
"2865","CRYO","CryoDAO"
"2866","DST","Double Swap Token"
"2867","imBTC","The Tokenized Bitcoin"
"2868","KEROSENE","Kerosene"
"2869","YFII","DFI.money"
"2870","VERSE","Verse"
"2871","SHX","Stronghold"
"2872","SFUND","Seedify.fund"
"2873","DOGECUBE","DogeCube"
"2874","PYM","Playermon"
"2875","HOPPY","Hoppy"
"2876","PENG","Peng"
"2877","SILLY","Silly Dragon"
"2878","SAMO","Samoyedcoin"
"2879","ETF500","Elon Trump Fart"
"2880","MARVIN","Marvin Inu"
"2881","$XCPHA","Phala (Moonbeam)"
"2882","SIREN","Siren"
"2883","CUMMIES","CumRocket"
"2884","CHAOS","chaos and disorder"
"2885","SAINT","Satoshi AI agent by Virtuals"
"2886","CTF","Crypto Trading Fund"
"2887","XFI","CrossFi"
"2888","WPCI","Wrapped Paycoin"
"2889","PORK","PepeFork"
"2890","FAR","FARCANA"
"2891","MONEY","Defi.money"
"2892","KILO","KiloEx"
"2893","BID","CreatorBid"
"2894","GAU","Gamer Arena"
"2895","KSHIB","Kilo Shiba Inu"
"2896","AIDOGE","ArbDoge AI"
"2897","DIP","Etherisc DIP"
"2898","PIRATE","Pirate Nation Token"
"2899","ZKF","ZKFair"
"2900","WOAS","Wrapped OAS"
"2901","CARDS","Cardstarter"
"2902","KOKO","KOALA AI"
"2903","ATS","Alltoscan"
"2904","APRS","Apeiron"
"2905","SAVAX","BENQI Liquid Staked AVAX"
"2906","MIMATIC","MAI"
"2907","STRDY","Sturdy"
"2908","MLG","360noscope420blazeit"
"2909","DBR","deBridge"
"2910","WSSCR","Wrapped Staked SCR"
"2911","USDQ","Quantoz USDQ"
"2912","TERMINAL","Terminal"
"2913","IDRT","Rupiah Token"
"2914","POX","Monkey Pox"
"2915","APES","APES"
"2916","MUMU","MUMU THE BULL"
"2917","KATA","Katana Inu"
"2918","BR","Bedrock"
"2919","RIO","Realio Network Token"
"2920","DOOD","Doodles"
"2921","KIMA","Kima Network"
"2922","WEN","Wen"
"2923","MYX","MYX Finance"
"2924","CDCETH","Crypto.com Staked ETH"
"2925","OCT","Octopus Network"
"2926","PWR","Gamebitcoin Power"
"2927","CKETH","Chain-key Ethereum"
"2928","CKBTC","Chain-key Bitcoin"
"2929","CKUSDT","Chain-key USDT"
"2930","1000BTT","1000BTT"
"2931","MTRM","Materium"
"2932","PGALA","pGALA"
"2933","WONE","Wrapped One"
"2934","PWROSE","Private Wrapped wROSE"
"2935","BMAX","BMAX"
"2936","DRV","Derive"
"2937","LAUNCHCOIN","Launch Coin on Believe"
"2938","COLLAT","Collaterize"
"2939","QUAI","Quai Network"
"2940","KENDU","Kendu Inu"
"2941","QTCON","Quiztok"
"2942","OBSR","Observer"
"2943","WBAN","Wrapped Banano"
"2944","GCOTI","COTI Governance Token"
"2945","SWISE","StakeWise"
"2946","SIGRSV","SigRSV"
"2947","BDC","BILLION•DOLLAR•CAT (Bitcoin)"
"2948","WIOTA","Wrapped IOTA"
"2949","SQD","SQD"
"2950","APP","RWAX"
"2951","SEND","Suilend"
"2952","CONX","Connex"
"2953","WFTN","Wrapped FTN"
